threshold,precision,recall,f1,tp,fp,tn,fn,tpr,fpr
0.0,0.5666666666666667,1.0,0.723404255319149,85,65,0,0,1.0,1.0
0.001,0.5666666666666667,1.0,0.723404255319149,85,65,0,0,1.0,1.0
0.002,0.5666666666666667,1.0,0.723404255319149,85,65,0,0,1.0,1.0
0.003,0.5666666666666667,1.0,0.723404255319149,85,65,0,0,1.0,1.0
0.004,0.5666666666666667,1.0,0.723404255319149,85,65,0,0,1.0,1.0
0.005,0.5666666666666667,1.0,0.723404255319149,85,65,0,0,1.0,1.0
0.006,0.5666666666666667,1.0,0.723404255319149,85,65,0,0,1.0,1.0
0.007,0.5666666666666667,1.0,0.723404255319149,85,65,0,0,1.0,1.0
0.008,0.5666666666666667,1.0,0.723404255319149,85,65,0,0,1.0,1.0
0.009000000000000001,0.5666666666666667,1.0,0.723404255319149,85,65,0,0,1.0,1.0
0.01,0.5666666666666667,1.0,0.723404255319149,85,65,0,0,1.0,1.0
0.011,0.5666666666666667,1.0,0.723404255319149,85,65,0,0,1.0,1.0
0.012,0.5666666666666667,1.0,0.723404255319149,85,65,0,0,1.0,1.0
0.013000000000000001,0.5666666666666667,1.0,0.723404255319149,85,65,0,0,1.0,1.0
0.014,0.5666666666666667,1.0,0.723404255319149,85,65,0,0,1.0,1.0
0.015,0.5666666666666667,1.0,0.723404255319149,85,65,0,0,1.0,1.0
0.016,0.5666666666666667,1.0,0.723404255319149,85,65,0,0,1.0,1.0
0.017,0.5666666666666667,1.0,0.723404255319149,85,65,0,0,1.0,1.0
0.018000000000000002,0.5666666666666667,1.0,0.723404255319149,85,65,0,0,1.0,1.0
0.019,0.5666666666666667,1.0,0.723404255319149,85,65,0,0,1.0,1.0
0.02,0.5666666666666667,1.0,0.723404255319149,85,65,0,0,1.0,1.0
0.021,0.5666666666666667,1.0,0.723404255319149,85,65,0,0,1.0,1.0
0.022,0.5666666666666667,1.0,0.723404255319149,85,65,0,0,1.0,1.0
0.023,0.5666666666666667,1.0,0.723404255319149,85,65,0,0,1.0,1.0
0.024,0.5666666666666667,1.0,0.723404255319149,85,65,0,0,1.0,1.0
0.025,0.5666666666666667,1.0,0.723404255319149,85,65,0,0,1.0,1.0
0.026000000000000002,0.5666666666666667,1.0,0.723404255319149,85,65,0,0,1.0,1.0
0.027,0.5666666666666667,1.0,0.723404255319149,85,65,0,0,1.0,1.0
0.028,0.5666666666666667,1.0,0.723404255319149,85,65,0,0,1.0,1.0
0.029,0.5666666666666667,1.0,0.723404255319149,85,65,0,0,1.0,1.0
0.03,0.5666666666666667,1.0,0.723404255319149,85,65,0,0,1.0,1.0
0.031,0.5666666666666667,1.0,0.723404255319149,85,65,0,0,1.0,1.0
0.032,0.5666666666666667,1.0,0.723404255319149,85,65,0,0,1.0,1.0
0.033,0.5666666666666667,1.0,0.723404255319149,85,65,0,0,1.0,1.0
0.034,0.5666666666666667,1.0,0.723404255319149,85,65,0,0,1.0,1.0
0.035,0.5666666666666667,1.0,0.723404255319149,85,65,0,0,1.0,1.0
0.036000000000000004,0.5666666666666667,1.0,0.723404255319149,85,65,0,0,1.0,1.0
0.037,0.5666666666666667,1.0,0.723404255319149,85,65,0,0,1.0,1.0
0.038,0.5666666666666667,1.0,0.723404255319149,85,65,0,0,1.0,1.0
0.039,0.5666666666666667,1.0,0.723404255319149,85,65,0,0,1.0,1.0
0.04,0.5666666666666667,1.0,0.723404255319149,85,65,0,0,1.0,1.0
0.041,0.5666666666666667,1.0,0.723404255319149,85,65,0,0,1.0,1.0
0.042,0.5666666666666667,1.0,0.723404255319149,85,65,0,0,1.0,1.0
0.043000000000000003,0.5704697986577181,1.0,0.7264957264957265,85,64,1,0,1.0,0.9846153846153847
0.044,0.5743243243243243,1.0,0.7296137339055794,85,63,2,0,1.0,0.9692307692307692
0.045,0.5743243243243243,1.0,0.7296137339055794,85,63,2,0,1.0,0.9692307692307692
0.046,0.5782312925170068,1.0,0.7327586206896551,85,62,3,0,1.0,0.9538461538461539
0.047,0.5782312925170068,1.0,0.7327586206896551,85,62,3,0,1.0,0.9538461538461539
0.048,0.5821917808219178,1.0,0.7359307359307359,85,61,4,0,1.0,0.9384615384615385
0.049,0.5821917808219178,1.0,0.7359307359307359,85,61,4,0,1.0,0.9384615384615385
0.05,0.5944055944055944,1.0,0.7456140350877193,85,58,7,0,1.0,0.8923076923076924
0.051000000000000004,0.5944055944055944,1.0,0.7456140350877193,85,58,7,0,1.0,0.8923076923076924
0.052000000000000005,0.5944055944055944,1.0,0.7456140350877193,85,58,7,0,1.0,0.8923076923076924
0.053,0.5944055944055944,1.0,0.7456140350877193,85,58,7,0,1.0,0.8923076923076924
0.054,0.6028368794326241,1.0,0.7522123893805309,85,56,9,0,1.0,0.8615384615384616
0.055,0.6071428571428571,1.0,0.7555555555555555,85,55,10,0,1.0,0.8461538461538461
0.056,0.6071428571428571,1.0,0.7555555555555555,85,55,10,0,1.0,0.8461538461538461
0.057,0.6115107913669064,1.0,0.7589285714285714,85,54,11,0,1.0,0.8307692307692308
0.058,0.6115107913669064,1.0,0.7589285714285714,85,54,11,0,1.0,0.8307692307692308
0.059000000000000004,0.6115107913669064,1.0,0.7589285714285714,85,54,11,0,1.0,0.8307692307692308
0.06,0.6115107913669064,1.0,0.7589285714285714,85,54,11,0,1.0,0.8307692307692308
0.061,0.6115107913669064,1.0,0.7589285714285714,85,54,11,0,1.0,0.8307692307692308
0.062,0.6115107913669064,1.0,0.7589285714285714,85,54,11,0,1.0,0.8307692307692308
0.063,0.6115107913669064,1.0,0.7589285714285714,85,54,11,0,1.0,0.8307692307692308
0.064,0.6204379562043796,1.0,0.7657657657657657,85,52,13,0,1.0,0.8
0.065,0.6204379562043796,1.0,0.7657657657657657,85,52,13,0,1.0,0.8
0.066,0.6204379562043796,1.0,0.7657657657657657,85,52,13,0,1.0,0.8
0.067,0.6204379562043796,1.0,0.7657657657657657,85,52,13,0,1.0,0.8
0.068,0.625,1.0,0.7692307692307693,85,51,14,0,1.0,0.7846153846153846
0.069,0.625,1.0,0.7692307692307693,85,51,14,0,1.0,0.7846153846153846
0.07,0.6390977443609023,1.0,0.7798165137614679,85,48,17,0,1.0,0.7384615384615385
0.07100000000000001,0.6390977443609023,1.0,0.7798165137614679,85,48,17,0,1.0,0.7384615384615385
0.07200000000000001,0.648854961832061,1.0,0.7870370370370371,85,46,19,0,1.0,0.7076923076923077
0.073,0.6640625,1.0,0.7981220657276995,85,43,22,0,1.0,0.6615384615384615
0.074,0.6692913385826772,1.0,0.8018867924528302,85,42,23,0,1.0,0.6461538461538462
0.075,0.6746031746031746,1.0,0.8056872037914692,85,41,24,0,1.0,0.6307692307692307
0.076,0.6746031746031746,1.0,0.8056872037914692,85,41,24,0,1.0,0.6307692307692307
0.077,0.6746031746031746,1.0,0.8056872037914692,85,41,24,0,1.0,0.6307692307692307
0.078,0.6746031746031746,1.0,0.8056872037914692,85,41,24,0,1.0,0.6307692307692307
0.079,0.6746031746031746,1.0,0.8056872037914692,85,41,24,0,1.0,0.6307692307692307
0.08,0.6746031746031746,1.0,0.8056872037914692,85,41,24,0,1.0,0.6307692307692307
0.081,0.6746031746031746,1.0,0.8056872037914692,85,41,24,0,1.0,0.6307692307692307
0.082,0.6746031746031746,1.0,0.8056872037914692,85,41,24,0,1.0,0.6307692307692307
0.083,0.6746031746031746,1.0,0.8056872037914692,85,41,24,0,1.0,0.6307692307692307
0.084,0.6746031746031746,1.0,0.8056872037914692,85,41,24,0,1.0,0.6307692307692307
0.085,0.68,1.0,0.8095238095238095,85,40,25,0,1.0,0.6153846153846154
0.08600000000000001,0.6854838709677419,1.0,0.8133971291866029,85,39,26,0,1.0,0.6
0.08700000000000001,0.6854838709677419,1.0,0.8133971291866029,85,39,26,0,1.0,0.6
0.088,0.6910569105691057,1.0,0.8173076923076923,85,38,27,0,1.0,0.5846153846153846
0.089,0.6910569105691057,1.0,0.8173076923076923,85,38,27,0,1.0,0.5846153846153846
0.09,0.6967213114754098,1.0,0.821256038647343,85,37,28,0,1.0,0.5692307692307692
0.091,0.6967213114754098,1.0,0.821256038647343,85,37,28,0,1.0,0.5692307692307692
0.092,0.6967213114754098,1.0,0.821256038647343,85,37,28,0,1.0,0.5692307692307692
0.093,0.6967213114754098,1.0,0.821256038647343,85,37,28,0,1.0,0.5692307692307692
0.094,0.7024793388429752,1.0,0.8252427184466019,85,36,29,0,1.0,0.5538461538461539
0.095,0.7024793388429752,1.0,0.8252427184466019,85,36,29,0,1.0,0.5538461538461539
0.096,0.7024793388429752,1.0,0.8252427184466019,85,36,29,0,1.0,0.5538461538461539
0.097,0.7083333333333334,1.0,0.8292682926829268,85,35,30,0,1.0,0.5384615384615384
0.098,0.7142857142857143,1.0,0.8333333333333334,85,34,31,0,1.0,0.5230769230769231
0.099,0.7142857142857143,1.0,0.8333333333333334,85,34,31,0,1.0,0.5230769230769231
0.1,0.7142857142857143,1.0,0.8333333333333334,85,34,31,0,1.0,0.5230769230769231
0.101,0.7203389830508474,1.0,0.8374384236453202,85,33,32,0,1.0,0.5076923076923077
0.10200000000000001,0.7203389830508474,1.0,0.8374384236453202,85,33,32,0,1.0,0.5076923076923077
0.10300000000000001,0.7203389830508474,1.0,0.8374384236453202,85,33,32,0,1.0,0.5076923076923077
0.10400000000000001,0.7203389830508474,1.0,0.8374384236453202,85,33,32,0,1.0,0.5076923076923077
0.105,0.7203389830508474,1.0,0.8374384236453202,85,33,32,0,1.0,0.5076923076923077
0.106,0.7327586206896551,1.0,0.845771144278607,85,31,34,0,1.0,0.47692307692307695
0.107,0.7456140350877193,1.0,0.8542713567839196,85,29,36,0,1.0,0.4461538461538462
0.108,0.7456140350877193,1.0,0.8542713567839196,85,29,36,0,1.0,0.4461538461538462
0.109,0.7456140350877193,1.0,0.8542713567839196,85,29,36,0,1.0,0.4461538461538462
0.11,0.7433628318584071,0.9882352941176471,0.8484848484848485,84,29,36,1,0.9882352941176471,0.4461538461538462
0.111,0.75,0.9882352941176471,0.8527918781725888,84,28,37,1,0.9882352941176471,0.4307692307692308
0.112,0.75,0.9882352941176471,0.8527918781725888,84,28,37,1,0.9882352941176471,0.4307692307692308
0.113,0.75,0.9882352941176471,0.8527918781725888,84,28,37,1,0.9882352941176471,0.4307692307692308
0.114,0.75,0.9882352941176471,0.8527918781725888,84,28,37,1,0.9882352941176471,0.4307692307692308
0.115,0.75,0.9882352941176471,0.8527918781725888,84,28,37,1,0.9882352941176471,0.4307692307692308
0.116,0.75,0.9882352941176471,0.8527918781725888,84,28,37,1,0.9882352941176471,0.4307692307692308
0.117,0.75,0.9882352941176471,0.8527918781725888,84,28,37,1,0.9882352941176471,0.4307692307692308
0.11800000000000001,0.7567567567567568,0.9882352941176471,0.8571428571428571,84,27,38,1,0.9882352941176471,0.4153846153846154
0.11900000000000001,0.7636363636363637,0.9882352941176471,0.8615384615384616,84,26,39,1,0.9882352941176471,0.4
0.12,0.7636363636363637,0.9882352941176471,0.8615384615384616,84,26,39,1,0.9882352941176471,0.4
0.121,0.7636363636363637,0.9882352941176471,0.8615384615384616,84,26,39,1,0.9882352941176471,0.4
0.122,0.7706422018348624,0.9882352941176471,0.865979381443299,84,25,40,1,0.9882352941176471,0.38461538461538464
0.123,0.7706422018348624,0.9882352941176471,0.865979381443299,84,25,40,1,0.9882352941176471,0.38461538461538464
0.124,0.7706422018348624,0.9882352941176471,0.865979381443299,84,25,40,1,0.9882352941176471,0.38461538461538464
0.125,0.7706422018348624,0.9882352941176471,0.865979381443299,84,25,40,1,0.9882352941176471,0.38461538461538464
0.126,0.7706422018348624,0.9882352941176471,0.865979381443299,84,25,40,1,0.9882352941176471,0.38461538461538464
0.127,0.7777777777777778,0.9882352941176471,0.8704663212435233,84,24,41,1,0.9882352941176471,0.36923076923076925
0.128,0.7777777777777778,0.9882352941176471,0.8704663212435233,84,24,41,1,0.9882352941176471,0.36923076923076925
0.129,0.7777777777777778,0.9882352941176471,0.8704663212435233,84,24,41,1,0.9882352941176471,0.36923076923076925
0.13,0.7777777777777778,0.9882352941176471,0.8704663212435233,84,24,41,1,0.9882352941176471,0.36923076923076925
0.131,0.7777777777777778,0.9882352941176471,0.8704663212435233,84,24,41,1,0.9882352941176471,0.36923076923076925
0.132,0.7850467289719626,0.9882352941176471,0.875,84,23,42,1,0.9882352941176471,0.35384615384615387
0.133,0.7850467289719626,0.9882352941176471,0.875,84,23,42,1,0.9882352941176471,0.35384615384615387
0.134,0.7850467289719626,0.9882352941176471,0.875,84,23,42,1,0.9882352941176471,0.35384615384615387
0.135,0.7850467289719626,0.9882352941176471,0.875,84,23,42,1,0.9882352941176471,0.35384615384615387
0.136,0.7850467289719626,0.9882352941176471,0.875,84,23,42,1,0.9882352941176471,0.35384615384615387
0.137,0.7924528301886793,0.9882352941176471,0.8795811518324608,84,22,43,1,0.9882352941176471,0.3384615384615385
0.138,0.7924528301886793,0.9882352941176471,0.8795811518324608,84,22,43,1,0.9882352941176471,0.3384615384615385
0.139,0.7924528301886793,0.9882352941176471,0.8795811518324608,84,22,43,1,0.9882352941176471,0.3384615384615385
0.14,0.8,0.9882352941176471,0.8842105263157894,84,21,44,1,0.9882352941176471,0.3230769230769231
0.14100000000000001,0.8,0.9882352941176471,0.8842105263157894,84,21,44,1,0.9882352941176471,0.3230769230769231
0.14200000000000002,0.8,0.9882352941176471,0.8842105263157894,84,21,44,1,0.9882352941176471,0.3230769230769231
0.14300000000000002,0.8,0.9882352941176471,0.8842105263157894,84,21,44,1,0.9882352941176471,0.3230769230769231
0.14400000000000002,0.8,0.9882352941176471,0.8842105263157894,84,21,44,1,0.9882352941176471,0.3230769230769231
0.145,0.8,0.9882352941176471,0.8842105263157894,84,21,44,1,0.9882352941176471,0.3230769230769231
0.146,0.8,0.9882352941176471,0.8842105263157894,84,21,44,1,0.9882352941176471,0.3230769230769231
0.147,0.8,0.9882352941176471,0.8842105263157894,84,21,44,1,0.9882352941176471,0.3230769230769231
0.148,0.8076923076923077,0.9882352941176471,0.8888888888888888,84,20,45,1,0.9882352941176471,0.3076923076923077
0.149,0.8076923076923077,0.9882352941176471,0.8888888888888888,84,20,45,1,0.9882352941176471,0.3076923076923077
0.15,0.8076923076923077,0.9882352941176471,0.8888888888888888,84,20,45,1,0.9882352941176471,0.3076923076923077
0.151,0.8155339805825242,0.9882352941176471,0.8936170212765957,84,19,46,1,0.9882352941176471,0.2923076923076923
0.152,0.8155339805825242,0.9882352941176471,0.8936170212765957,84,19,46,1,0.9882352941176471,0.2923076923076923
0.153,0.8155339805825242,0.9882352941176471,0.8936170212765957,84,19,46,1,0.9882352941176471,0.2923076923076923
0.154,0.8155339805825242,0.9882352941176471,0.8936170212765957,84,19,46,1,0.9882352941176471,0.2923076923076923
0.155,0.8155339805825242,0.9882352941176471,0.8936170212765957,84,19,46,1,0.9882352941176471,0.2923076923076923
0.156,0.8155339805825242,0.9882352941176471,0.8936170212765957,84,19,46,1,0.9882352941176471,0.2923076923076923
0.157,0.8155339805825242,0.9882352941176471,0.8936170212765957,84,19,46,1,0.9882352941176471,0.2923076923076923
0.158,0.8235294117647058,0.9882352941176471,0.8983957219251337,84,18,47,1,0.9882352941176471,0.27692307692307694
0.159,0.8235294117647058,0.9882352941176471,0.8983957219251337,84,18,47,1,0.9882352941176471,0.27692307692307694
0.16,0.8235294117647058,0.9882352941176471,0.8983957219251337,84,18,47,1,0.9882352941176471,0.27692307692307694
0.161,0.8235294117647058,0.9882352941176471,0.8983957219251337,84,18,47,1,0.9882352941176471,0.27692307692307694
0.162,0.8235294117647058,0.9882352941176471,0.8983957219251337,84,18,47,1,0.9882352941176471,0.27692307692307694
0.163,0.8316831683168316,0.9882352941176471,0.9032258064516129,84,17,48,1,0.9882352941176471,0.26153846153846155
0.164,0.8316831683168316,0.9882352941176471,0.9032258064516129,84,17,48,1,0.9882352941176471,0.26153846153846155
0.165,0.8316831683168316,0.9882352941176471,0.9032258064516129,84,17,48,1,0.9882352941176471,0.26153846153846155
0.166,0.84,0.9882352941176471,0.9081081081081082,84,16,49,1,0.9882352941176471,0.24615384615384617
0.167,0.84,0.9882352941176471,0.9081081081081082,84,16,49,1,0.9882352941176471,0.24615384615384617
0.168,0.84,0.9882352941176471,0.9081081081081082,84,16,49,1,0.9882352941176471,0.24615384615384617
0.169,0.84,0.9882352941176471,0.9081081081081082,84,16,49,1,0.9882352941176471,0.24615384615384617
0.17,0.84,0.9882352941176471,0.9081081081081082,84,16,49,1,0.9882352941176471,0.24615384615384617
0.171,0.84,0.9882352941176471,0.9081081081081082,84,16,49,1,0.9882352941176471,0.24615384615384617
0.17200000000000001,0.84,0.9882352941176471,0.9081081081081082,84,16,49,1,0.9882352941176471,0.24615384615384617
0.17300000000000001,0.8383838383838383,0.9764705882352941,0.9021739130434783,83,16,49,2,0.9764705882352941,0.24615384615384617
0.17400000000000002,0.8469387755102041,0.9764705882352941,0.907103825136612,83,15,50,2,0.9764705882352941,0.23076923076923078
0.17500000000000002,0.8469387755102041,0.9764705882352941,0.907103825136612,83,15,50,2,0.9764705882352941,0.23076923076923078
0.176,0.8469387755102041,0.9764705882352941,0.907103825136612,83,15,50,2,0.9764705882352941,0.23076923076923078
0.177,0.8469387755102041,0.9764705882352941,0.907103825136612,83,15,50,2,0.9764705882352941,0.23076923076923078
0.178,0.8469387755102041,0.9764705882352941,0.907103825136612,83,15,50,2,0.9764705882352941,0.23076923076923078
0.179,0.8556701030927835,0.9764705882352941,0.9120879120879121,83,14,51,2,0.9764705882352941,0.2153846153846154
0.18,0.8556701030927835,0.9764705882352941,0.9120879120879121,83,14,51,2,0.9764705882352941,0.2153846153846154
0.181,0.8556701030927835,0.9764705882352941,0.9120879120879121,83,14,51,2,0.9764705882352941,0.2153846153846154
0.182,0.8556701030927835,0.9764705882352941,0.9120879120879121,83,14,51,2,0.9764705882352941,0.2153846153846154
0.183,0.8645833333333334,0.9764705882352941,0.9171270718232044,83,13,52,2,0.9764705882352941,0.2
0.184,0.8645833333333334,0.9764705882352941,0.9171270718232044,83,13,52,2,0.9764705882352941,0.2
0.185,0.8829787234042553,0.9764705882352941,0.9273743016759777,83,11,54,2,0.9764705882352941,0.16923076923076924
0.186,0.8829787234042553,0.9764705882352941,0.9273743016759777,83,11,54,2,0.9764705882352941,0.16923076923076924
0.187,0.8829787234042553,0.9764705882352941,0.9273743016759777,83,11,54,2,0.9764705882352941,0.16923076923076924
0.188,0.8829787234042553,0.9764705882352941,0.9273743016759777,83,11,54,2,0.9764705882352941,0.16923076923076924
0.189,0.8829787234042553,0.9764705882352941,0.9273743016759777,83,11,54,2,0.9764705882352941,0.16923076923076924
0.19,0.8829787234042553,0.9764705882352941,0.9273743016759777,83,11,54,2,0.9764705882352941,0.16923076923076924
0.191,0.8829787234042553,0.9764705882352941,0.9273743016759777,83,11,54,2,0.9764705882352941,0.16923076923076924
0.192,0.8829787234042553,0.9764705882352941,0.9273743016759777,83,11,54,2,0.9764705882352941,0.16923076923076924
0.193,0.8829787234042553,0.9764705882352941,0.9273743016759777,83,11,54,2,0.9764705882352941,0.16923076923076924
0.194,0.8829787234042553,0.9764705882352941,0.9273743016759777,83,11,54,2,0.9764705882352941,0.16923076923076924
0.195,0.8829787234042553,0.9764705882352941,0.9273743016759777,83,11,54,2,0.9764705882352941,0.16923076923076924
0.196,0.8829787234042553,0.9764705882352941,0.9273743016759777,83,11,54,2,0.9764705882352941,0.16923076923076924
0.197,0.8829787234042553,0.9764705882352941,0.9273743016759777,83,11,54,2,0.9764705882352941,0.16923076923076924
0.198,0.8829787234042553,0.9764705882352941,0.9273743016759777,83,11,54,2,0.9764705882352941,0.16923076923076924
0.199,0.8829787234042553,0.9764705882352941,0.9273743016759777,83,11,54,2,0.9764705882352941,0.16923076923076924
0.2,0.8829787234042553,0.9764705882352941,0.9273743016759777,83,11,54,2,0.9764705882352941,0.16923076923076924
0.201,0.8829787234042553,0.9764705882352941,0.9273743016759777,83,11,54,2,0.9764705882352941,0.16923076923076924
0.202,0.8829787234042553,0.9764705882352941,0.9273743016759777,83,11,54,2,0.9764705882352941,0.16923076923076924
0.203,0.8829787234042553,0.9764705882352941,0.9273743016759777,83,11,54,2,0.9764705882352941,0.16923076923076924
0.20400000000000001,0.8829787234042553,0.9764705882352941,0.9273743016759777,83,11,54,2,0.9764705882352941,0.16923076923076924
0.20500000000000002,0.8829787234042553,0.9764705882352941,0.9273743016759777,83,11,54,2,0.9764705882352941,0.16923076923076924
0.20600000000000002,0.8829787234042553,0.9764705882352941,0.9273743016759777,83,11,54,2,0.9764705882352941,0.16923076923076924
0.20700000000000002,0.8829787234042553,0.9764705882352941,0.9273743016759777,83,11,54,2,0.9764705882352941,0.16923076923076924
0.20800000000000002,0.8829787234042553,0.9764705882352941,0.9273743016759777,83,11,54,2,0.9764705882352941,0.16923076923076924
0.209,0.8829787234042553,0.9764705882352941,0.9273743016759777,83,11,54,2,0.9764705882352941,0.16923076923076924
0.21,0.8817204301075269,0.9647058823529412,0.9213483146067416,82,11,54,3,0.9647058823529412,0.16923076923076924
0.211,0.8817204301075269,0.9647058823529412,0.9213483146067416,82,11,54,3,0.9647058823529412,0.16923076923076924
0.212,0.8817204301075269,0.9647058823529412,0.9213483146067416,82,11,54,3,0.9647058823529412,0.16923076923076924
0.213,0.8817204301075269,0.9647058823529412,0.9213483146067416,82,11,54,3,0.9647058823529412,0.16923076923076924
0.214,0.8817204301075269,0.9647058823529412,0.9213483146067416,82,11,54,3,0.9647058823529412,0.16923076923076924
0.215,0.8817204301075269,0.9647058823529412,0.9213483146067416,82,11,54,3,0.9647058823529412,0.16923076923076924
0.216,0.8817204301075269,0.9647058823529412,0.9213483146067416,82,11,54,3,0.9647058823529412,0.16923076923076924
0.217,0.8817204301075269,0.9647058823529412,0.9213483146067416,82,11,54,3,0.9647058823529412,0.16923076923076924
0.218,0.8817204301075269,0.9647058823529412,0.9213483146067416,82,11,54,3,0.9647058823529412,0.16923076923076924
0.219,0.8817204301075269,0.9647058823529412,0.9213483146067416,82,11,54,3,0.9647058823529412,0.16923076923076924
0.22,0.8817204301075269,0.9647058823529412,0.9213483146067416,82,11,54,3,0.9647058823529412,0.16923076923076924
0.221,0.8817204301075269,0.9647058823529412,0.9213483146067416,82,11,54,3,0.9647058823529412,0.16923076923076924
0.222,0.8913043478260869,0.9647058823529412,0.9265536723163842,82,10,55,3,0.9647058823529412,0.15384615384615385
0.223,0.8913043478260869,0.9647058823529412,0.9265536723163842,82,10,55,3,0.9647058823529412,0.15384615384615385
0.224,0.8913043478260869,0.9647058823529412,0.9265536723163842,82,10,55,3,0.9647058823529412,0.15384615384615385
0.225,0.8913043478260869,0.9647058823529412,0.9265536723163842,82,10,55,3,0.9647058823529412,0.15384615384615385
0.226,0.8913043478260869,0.9647058823529412,0.9265536723163842,82,10,55,3,0.9647058823529412,0.15384615384615385
0.227,0.8913043478260869,0.9647058823529412,0.9265536723163842,82,10,55,3,0.9647058823529412,0.15384615384615385
0.228,0.8913043478260869,0.9647058823529412,0.9265536723163842,82,10,55,3,0.9647058823529412,0.15384615384615385
0.229,0.8913043478260869,0.9647058823529412,0.9265536723163842,82,10,55,3,0.9647058823529412,0.15384615384615385
0.23,0.8913043478260869,0.9647058823529412,0.9265536723163842,82,10,55,3,0.9647058823529412,0.15384615384615385
0.231,0.8913043478260869,0.9647058823529412,0.9265536723163842,82,10,55,3,0.9647058823529412,0.15384615384615385
0.232,0.9010989010989011,0.9647058823529412,0.9318181818181818,82,9,56,3,0.9647058823529412,0.13846153846153847
0.233,0.9010989010989011,0.9647058823529412,0.9318181818181818,82,9,56,3,0.9647058823529412,0.13846153846153847
0.234,0.9,0.9529411764705882,0.9257142857142857,81,9,56,4,0.9529411764705882,0.13846153846153847
0.23500000000000001,0.9,0.9529411764705882,0.9257142857142857,81,9,56,4,0.9529411764705882,0.13846153846153847
0.23600000000000002,0.9,0.9529411764705882,0.9257142857142857,81,9,56,4,0.9529411764705882,0.13846153846153847
0.23700000000000002,0.9,0.9529411764705882,0.9257142857142857,81,9,56,4,0.9529411764705882,0.13846153846153847
0.23800000000000002,0.9,0.9529411764705882,0.9257142857142857,81,9,56,4,0.9529411764705882,0.13846153846153847
0.23900000000000002,0.9,0.9529411764705882,0.9257142857142857,81,9,56,4,0.9529411764705882,0.13846153846153847
0.24,0.9,0.9529411764705882,0.9257142857142857,81,9,56,4,0.9529411764705882,0.13846153846153847
0.241,0.9101123595505618,0.9529411764705882,0.9310344827586207,81,8,57,4,0.9529411764705882,0.12307692307692308
0.242,0.9101123595505618,0.9529411764705882,0.9310344827586207,81,8,57,4,0.9529411764705882,0.12307692307692308
0.243,0.9101123595505618,0.9529411764705882,0.9310344827586207,81,8,57,4,0.9529411764705882,0.12307692307692308
0.244,0.9101123595505618,0.9529411764705882,0.9310344827586207,81,8,57,4,0.9529411764705882,0.12307692307692308
0.245,0.9101123595505618,0.9529411764705882,0.9310344827586207,81,8,57,4,0.9529411764705882,0.12307692307692308
0.246,0.9101123595505618,0.9529411764705882,0.9310344827586207,81,8,57,4,0.9529411764705882,0.12307692307692308
0.247,0.9101123595505618,0.9529411764705882,0.9310344827586207,81,8,57,4,0.9529411764705882,0.12307692307692308
0.248,0.9101123595505618,0.9529411764705882,0.9310344827586207,81,8,57,4,0.9529411764705882,0.12307692307692308
0.249,0.9101123595505618,0.9529411764705882,0.9310344827586207,81,8,57,4,0.9529411764705882,0.12307692307692308
0.25,0.9101123595505618,0.9529411764705882,0.9310344827586207,81,8,57,4,0.9529411764705882,0.12307692307692308
0.251,0.9204545454545454,0.9529411764705882,0.9364161849710982,81,7,58,4,0.9529411764705882,0.1076923076923077
0.252,0.9204545454545454,0.9529411764705882,0.9364161849710982,81,7,58,4,0.9529411764705882,0.1076923076923077
0.253,0.9204545454545454,0.9529411764705882,0.9364161849710982,81,7,58,4,0.9529411764705882,0.1076923076923077
0.254,0.9204545454545454,0.9529411764705882,0.9364161849710982,81,7,58,4,0.9529411764705882,0.1076923076923077
0.255,0.9204545454545454,0.9529411764705882,0.9364161849710982,81,7,58,4,0.9529411764705882,0.1076923076923077
0.256,0.9204545454545454,0.9529411764705882,0.9364161849710982,81,7,58,4,0.9529411764705882,0.1076923076923077
0.257,0.9204545454545454,0.9529411764705882,0.9364161849710982,81,7,58,4,0.9529411764705882,0.1076923076923077
0.258,0.9204545454545454,0.9529411764705882,0.9364161849710982,81,7,58,4,0.9529411764705882,0.1076923076923077
0.259,0.9204545454545454,0.9529411764705882,0.9364161849710982,81,7,58,4,0.9529411764705882,0.1076923076923077
0.26,0.9204545454545454,0.9529411764705882,0.9364161849710982,81,7,58,4,0.9529411764705882,0.1076923076923077
0.261,0.9204545454545454,0.9529411764705882,0.9364161849710982,81,7,58,4,0.9529411764705882,0.1076923076923077
0.262,0.9204545454545454,0.9529411764705882,0.9364161849710982,81,7,58,4,0.9529411764705882,0.1076923076923077
0.263,0.9204545454545454,0.9529411764705882,0.9364161849710982,81,7,58,4,0.9529411764705882,0.1076923076923077
0.264,0.9310344827586207,0.9529411764705882,0.9418604651162791,81,6,59,4,0.9529411764705882,0.09230769230769231
0.265,0.9310344827586207,0.9529411764705882,0.9418604651162791,81,6,59,4,0.9529411764705882,0.09230769230769231
0.266,0.9310344827586207,0.9529411764705882,0.9418604651162791,81,6,59,4,0.9529411764705882,0.09230769230769231
0.267,0.9310344827586207,0.9529411764705882,0.9418604651162791,81,6,59,4,0.9529411764705882,0.09230769230769231
0.268,0.9310344827586207,0.9529411764705882,0.9418604651162791,81,6,59,4,0.9529411764705882,0.09230769230769231
0.269,0.9310344827586207,0.9529411764705882,0.9418604651162791,81,6,59,4,0.9529411764705882,0.09230769230769231
0.27,0.9310344827586207,0.9529411764705882,0.9418604651162791,81,6,59,4,0.9529411764705882,0.09230769230769231
0.271,0.9310344827586207,0.9529411764705882,0.9418604651162791,81,6,59,4,0.9529411764705882,0.09230769230769231
0.272,0.9310344827586207,0.9529411764705882,0.9418604651162791,81,6,59,4,0.9529411764705882,0.09230769230769231
0.273,0.9310344827586207,0.9529411764705882,0.9418604651162791,81,6,59,4,0.9529411764705882,0.09230769230769231
0.274,0.9310344827586207,0.9529411764705882,0.9418604651162791,81,6,59,4,0.9529411764705882,0.09230769230769231
0.275,0.9310344827586207,0.9529411764705882,0.9418604651162791,81,6,59,4,0.9529411764705882,0.09230769230769231
0.276,0.9310344827586207,0.9529411764705882,0.9418604651162791,81,6,59,4,0.9529411764705882,0.09230769230769231
0.277,0.9310344827586207,0.9529411764705882,0.9418604651162791,81,6,59,4,0.9529411764705882,0.09230769230769231
0.278,0.9310344827586207,0.9529411764705882,0.9418604651162791,81,6,59,4,0.9529411764705882,0.09230769230769231
0.279,0.9310344827586207,0.9529411764705882,0.9418604651162791,81,6,59,4,0.9529411764705882,0.09230769230769231
0.28,0.9310344827586207,0.9529411764705882,0.9418604651162791,81,6,59,4,0.9529411764705882,0.09230769230769231
0.281,0.9310344827586207,0.9529411764705882,0.9418604651162791,81,6,59,4,0.9529411764705882,0.09230769230769231
0.28200000000000003,0.9310344827586207,0.9529411764705882,0.9418604651162791,81,6,59,4,0.9529411764705882,0.09230769230769231
0.28300000000000003,0.9310344827586207,0.9529411764705882,0.9418604651162791,81,6,59,4,0.9529411764705882,0.09230769230769231
0.28400000000000003,0.9302325581395349,0.9411764705882353,0.935672514619883,80,6,59,5,0.9411764705882353,0.09230769230769231
0.28500000000000003,0.9302325581395349,0.9411764705882353,0.935672514619883,80,6,59,5,0.9411764705882353,0.09230769230769231
0.28600000000000003,0.9302325581395349,0.9411764705882353,0.935672514619883,80,6,59,5,0.9411764705882353,0.09230769230769231
0.28700000000000003,0.9404761904761905,0.9294117647058824,0.9349112426035503,79,5,60,6,0.9294117647058824,0.07692307692307693
0.28800000000000003,0.9404761904761905,0.9294117647058824,0.9349112426035503,79,5,60,6,0.9294117647058824,0.07692307692307693
0.289,0.9404761904761905,0.9294117647058824,0.9349112426035503,79,5,60,6,0.9294117647058824,0.07692307692307693
0.29,0.9404761904761905,0.9294117647058824,0.9349112426035503,79,5,60,6,0.9294117647058824,0.07692307692307693
0.291,0.9404761904761905,0.9294117647058824,0.9349112426035503,79,5,60,6,0.9294117647058824,0.07692307692307693
0.292,0.9404761904761905,0.9294117647058824,0.9349112426035503,79,5,60,6,0.9294117647058824,0.07692307692307693
0.293,0.9404761904761905,0.9294117647058824,0.9349112426035503,79,5,60,6,0.9294117647058824,0.07692307692307693
0.294,0.9404761904761905,0.9294117647058824,0.9349112426035503,79,5,60,6,0.9294117647058824,0.07692307692307693
0.295,0.9404761904761905,0.9294117647058824,0.9349112426035503,79,5,60,6,0.9294117647058824,0.07692307692307693
0.296,0.9404761904761905,0.9294117647058824,0.9349112426035503,79,5,60,6,0.9294117647058824,0.07692307692307693
0.297,0.9404761904761905,0.9294117647058824,0.9349112426035503,79,5,60,6,0.9294117647058824,0.07692307692307693
0.298,0.9404761904761905,0.9294117647058824,0.9349112426035503,79,5,60,6,0.9294117647058824,0.07692307692307693
0.299,0.9397590361445783,0.9176470588235294,0.9285714285714286,78,5,60,7,0.9176470588235294,0.07692307692307693
0.3,0.9397590361445783,0.9176470588235294,0.9285714285714286,78,5,60,7,0.9176470588235294,0.07692307692307693
0.301,0.9397590361445783,0.9176470588235294,0.9285714285714286,78,5,60,7,0.9176470588235294,0.07692307692307693
0.302,0.9397590361445783,0.9176470588235294,0.9285714285714286,78,5,60,7,0.9176470588235294,0.07692307692307693
0.303,0.9397590361445783,0.9176470588235294,0.9285714285714286,78,5,60,7,0.9176470588235294,0.07692307692307693
0.304,0.9397590361445783,0.9176470588235294,0.9285714285714286,78,5,60,7,0.9176470588235294,0.07692307692307693
0.305,0.9397590361445783,0.9176470588235294,0.9285714285714286,78,5,60,7,0.9176470588235294,0.07692307692307693
0.306,0.9397590361445783,0.9176470588235294,0.9285714285714286,78,5,60,7,0.9176470588235294,0.07692307692307693
0.307,0.9397590361445783,0.9176470588235294,0.9285714285714286,78,5,60,7,0.9176470588235294,0.07692307692307693
0.308,0.9397590361445783,0.9176470588235294,0.9285714285714286,78,5,60,7,0.9176470588235294,0.07692307692307693
0.309,0.9397590361445783,0.9176470588235294,0.9285714285714286,78,5,60,7,0.9176470588235294,0.07692307692307693
0.31,0.9397590361445783,0.9176470588235294,0.9285714285714286,78,5,60,7,0.9176470588235294,0.07692307692307693
0.311,0.9397590361445783,0.9176470588235294,0.9285714285714286,78,5,60,7,0.9176470588235294,0.07692307692307693
0.312,0.9397590361445783,0.9176470588235294,0.9285714285714286,78,5,60,7,0.9176470588235294,0.07692307692307693
0.313,0.9397590361445783,0.9176470588235294,0.9285714285714286,78,5,60,7,0.9176470588235294,0.07692307692307693
0.314,0.9397590361445783,0.9176470588235294,0.9285714285714286,78,5,60,7,0.9176470588235294,0.07692307692307693
0.315,0.9397590361445783,0.9176470588235294,0.9285714285714286,78,5,60,7,0.9176470588235294,0.07692307692307693
0.316,0.9397590361445783,0.9176470588235294,0.9285714285714286,78,5,60,7,0.9176470588235294,0.07692307692307693
0.317,0.9397590361445783,0.9176470588235294,0.9285714285714286,78,5,60,7,0.9176470588235294,0.07692307692307693
0.318,0.9397590361445783,0.9176470588235294,0.9285714285714286,78,5,60,7,0.9176470588235294,0.07692307692307693
0.319,0.9397590361445783,0.9176470588235294,0.9285714285714286,78,5,60,7,0.9176470588235294,0.07692307692307693
0.32,0.9397590361445783,0.9176470588235294,0.9285714285714286,78,5,60,7,0.9176470588235294,0.07692307692307693
0.321,0.9397590361445783,0.9176470588235294,0.9285714285714286,78,5,60,7,0.9176470588235294,0.07692307692307693
0.322,0.9397590361445783,0.9176470588235294,0.9285714285714286,78,5,60,7,0.9176470588235294,0.07692307692307693
0.323,0.9397590361445783,0.9176470588235294,0.9285714285714286,78,5,60,7,0.9176470588235294,0.07692307692307693
0.324,0.9397590361445783,0.9176470588235294,0.9285714285714286,78,5,60,7,0.9176470588235294,0.07692307692307693
0.325,0.9397590361445783,0.9176470588235294,0.9285714285714286,78,5,60,7,0.9176470588235294,0.07692307692307693
0.326,0.9397590361445783,0.9176470588235294,0.9285714285714286,78,5,60,7,0.9176470588235294,0.07692307692307693
0.327,0.9397590361445783,0.9176470588235294,0.9285714285714286,78,5,60,7,0.9176470588235294,0.07692307692307693
0.328,0.9397590361445783,0.9176470588235294,0.9285714285714286,78,5,60,7,0.9176470588235294,0.07692307692307693
0.329,0.9397590361445783,0.9176470588235294,0.9285714285714286,78,5,60,7,0.9176470588235294,0.07692307692307693
0.33,0.9397590361445783,0.9176470588235294,0.9285714285714286,78,5,60,7,0.9176470588235294,0.07692307692307693
0.331,0.9397590361445783,0.9176470588235294,0.9285714285714286,78,5,60,7,0.9176470588235294,0.07692307692307693
0.332,0.9397590361445783,0.9176470588235294,0.9285714285714286,78,5,60,7,0.9176470588235294,0.07692307692307693
0.333,0.9397590361445783,0.9176470588235294,0.9285714285714286,78,5,60,7,0.9176470588235294,0.07692307692307693
0.334,0.9397590361445783,0.9176470588235294,0.9285714285714286,78,5,60,7,0.9176470588235294,0.07692307692307693
0.335,0.9397590361445783,0.9176470588235294,0.9285714285714286,78,5,60,7,0.9176470588235294,0.07692307692307693
0.336,0.9397590361445783,0.9176470588235294,0.9285714285714286,78,5,60,7,0.9176470588235294,0.07692307692307693
0.337,0.9397590361445783,0.9176470588235294,0.9285714285714286,78,5,60,7,0.9176470588235294,0.07692307692307693
0.338,0.9397590361445783,0.9176470588235294,0.9285714285714286,78,5,60,7,0.9176470588235294,0.07692307692307693
0.339,0.9397590361445783,0.9176470588235294,0.9285714285714286,78,5,60,7,0.9176470588235294,0.07692307692307693
0.34,0.9397590361445783,0.9176470588235294,0.9285714285714286,78,5,60,7,0.9176470588235294,0.07692307692307693
0.341,0.9397590361445783,0.9176470588235294,0.9285714285714286,78,5,60,7,0.9176470588235294,0.07692307692307693
0.342,0.9397590361445783,0.9176470588235294,0.9285714285714286,78,5,60,7,0.9176470588235294,0.07692307692307693
0.343,0.9397590361445783,0.9176470588235294,0.9285714285714286,78,5,60,7,0.9176470588235294,0.07692307692307693
0.34400000000000003,0.9397590361445783,0.9176470588235294,0.9285714285714286,78,5,60,7,0.9176470588235294,0.07692307692307693
0.34500000000000003,0.9397590361445783,0.9176470588235294,0.9285714285714286,78,5,60,7,0.9176470588235294,0.07692307692307693
0.34600000000000003,0.9397590361445783,0.9176470588235294,0.9285714285714286,78,5,60,7,0.9176470588235294,0.07692307692307693
0.34700000000000003,0.9397590361445783,0.9176470588235294,0.9285714285714286,78,5,60,7,0.9176470588235294,0.07692307692307693
0.34800000000000003,0.9397590361445783,0.9176470588235294,0.9285714285714286,78,5,60,7,0.9176470588235294,0.07692307692307693
0.34900000000000003,0.9397590361445783,0.9176470588235294,0.9285714285714286,78,5,60,7,0.9176470588235294,0.07692307692307693
0.35000000000000003,0.9397590361445783,0.9176470588235294,0.9285714285714286,78,5,60,7,0.9176470588235294,0.07692307692307693
0.35100000000000003,0.9397590361445783,0.9176470588235294,0.9285714285714286,78,5,60,7,0.9176470588235294,0.07692307692307693
0.352,0.9397590361445783,0.9176470588235294,0.9285714285714286,78,5,60,7,0.9176470588235294,0.07692307692307693
0.353,0.9397590361445783,0.9176470588235294,0.9285714285714286,78,5,60,7,0.9176470588235294,0.07692307692307693
0.354,0.9397590361445783,0.9176470588235294,0.9285714285714286,78,5,60,7,0.9176470588235294,0.07692307692307693
0.355,0.9397590361445783,0.9176470588235294,0.9285714285714286,78,5,60,7,0.9176470588235294,0.07692307692307693
0.356,0.9397590361445783,0.9176470588235294,0.9285714285714286,78,5,60,7,0.9176470588235294,0.07692307692307693
0.357,0.9397590361445783,0.9176470588235294,0.9285714285714286,78,5,60,7,0.9176470588235294,0.07692307692307693
0.358,0.9397590361445783,0.9176470588235294,0.9285714285714286,78,5,60,7,0.9176470588235294,0.07692307692307693
0.359,0.9397590361445783,0.9176470588235294,0.9285714285714286,78,5,60,7,0.9176470588235294,0.07692307692307693
0.36,0.9512195121951219,0.9176470588235294,0.9341317365269461,78,4,61,7,0.9176470588235294,0.06153846153846154
0.361,0.9512195121951219,0.9176470588235294,0.9341317365269461,78,4,61,7,0.9176470588235294,0.06153846153846154
0.362,0.9512195121951219,0.9176470588235294,0.9341317365269461,78,4,61,7,0.9176470588235294,0.06153846153846154
0.363,0.9512195121951219,0.9176470588235294,0.9341317365269461,78,4,61,7,0.9176470588235294,0.06153846153846154
0.364,0.9512195121951219,0.9176470588235294,0.9341317365269461,78,4,61,7,0.9176470588235294,0.06153846153846154
0.365,0.9512195121951219,0.9176470588235294,0.9341317365269461,78,4,61,7,0.9176470588235294,0.06153846153846154
0.366,0.9512195121951219,0.9176470588235294,0.9341317365269461,78,4,61,7,0.9176470588235294,0.06153846153846154
0.367,0.9629629629629629,0.9176470588235294,0.9397590361445783,78,3,62,7,0.9176470588235294,0.046153846153846156
0.368,0.9629629629629629,0.9176470588235294,0.9397590361445783,78,3,62,7,0.9176470588235294,0.046153846153846156
0.369,0.9629629629629629,0.9176470588235294,0.9397590361445783,78,3,62,7,0.9176470588235294,0.046153846153846156
0.37,0.9629629629629629,0.9176470588235294,0.9397590361445783,78,3,62,7,0.9176470588235294,0.046153846153846156
0.371,0.9629629629629629,0.9176470588235294,0.9397590361445783,78,3,62,7,0.9176470588235294,0.046153846153846156
0.372,0.9629629629629629,0.9176470588235294,0.9397590361445783,78,3,62,7,0.9176470588235294,0.046153846153846156
0.373,0.9629629629629629,0.9176470588235294,0.9397590361445783,78,3,62,7,0.9176470588235294,0.046153846153846156
0.374,0.9629629629629629,0.9176470588235294,0.9397590361445783,78,3,62,7,0.9176470588235294,0.046153846153846156
0.375,0.9629629629629629,0.9176470588235294,0.9397590361445783,78,3,62,7,0.9176470588235294,0.046153846153846156
0.376,0.9629629629629629,0.9176470588235294,0.9397590361445783,78,3,62,7,0.9176470588235294,0.046153846153846156
0.377,0.9629629629629629,0.9176470588235294,0.9397590361445783,78,3,62,7,0.9176470588235294,0.046153846153846156
0.378,0.9629629629629629,0.9176470588235294,0.9397590361445783,78,3,62,7,0.9176470588235294,0.046153846153846156
0.379,0.9629629629629629,0.9176470588235294,0.9397590361445783,78,3,62,7,0.9176470588235294,0.046153846153846156
0.38,0.9629629629629629,0.9176470588235294,0.9397590361445783,78,3,62,7,0.9176470588235294,0.046153846153846156
0.381,0.9629629629629629,0.9176470588235294,0.9397590361445783,78,3,62,7,0.9176470588235294,0.046153846153846156
0.382,0.9629629629629629,0.9176470588235294,0.9397590361445783,78,3,62,7,0.9176470588235294,0.046153846153846156
0.383,0.9629629629629629,0.9176470588235294,0.9397590361445783,78,3,62,7,0.9176470588235294,0.046153846153846156
0.384,0.9629629629629629,0.9176470588235294,0.9397590361445783,78,3,62,7,0.9176470588235294,0.046153846153846156
0.385,0.9629629629629629,0.9176470588235294,0.9397590361445783,78,3,62,7,0.9176470588235294,0.046153846153846156
0.386,0.9629629629629629,0.9176470588235294,0.9397590361445783,78,3,62,7,0.9176470588235294,0.046153846153846156
0.387,0.9629629629629629,0.9176470588235294,0.9397590361445783,78,3,62,7,0.9176470588235294,0.046153846153846156
0.388,0.9629629629629629,0.9176470588235294,0.9397590361445783,78,3,62,7,0.9176470588235294,0.046153846153846156
0.389,0.9629629629629629,0.9176470588235294,0.9397590361445783,78,3,62,7,0.9176470588235294,0.046153846153846156
0.39,0.9629629629629629,0.9176470588235294,0.9397590361445783,78,3,62,7,0.9176470588235294,0.046153846153846156
0.391,0.9629629629629629,0.9176470588235294,0.9397590361445783,78,3,62,7,0.9176470588235294,0.046153846153846156
0.392,0.9629629629629629,0.9176470588235294,0.9397590361445783,78,3,62,7,0.9176470588235294,0.046153846153846156
0.393,0.9629629629629629,0.9176470588235294,0.9397590361445783,78,3,62,7,0.9176470588235294,0.046153846153846156
0.394,0.9629629629629629,0.9176470588235294,0.9397590361445783,78,3,62,7,0.9176470588235294,0.046153846153846156
0.395,0.9629629629629629,0.9176470588235294,0.9397590361445783,78,3,62,7,0.9176470588235294,0.046153846153846156
0.396,0.9629629629629629,0.9176470588235294,0.9397590361445783,78,3,62,7,0.9176470588235294,0.046153846153846156
0.397,0.9629629629629629,0.9176470588235294,0.9397590361445783,78,3,62,7,0.9176470588235294,0.046153846153846156
0.398,0.9629629629629629,0.9176470588235294,0.9397590361445783,78,3,62,7,0.9176470588235294,0.046153846153846156
0.399,0.9629629629629629,0.9176470588235294,0.9397590361445783,78,3,62,7,0.9176470588235294,0.046153846153846156
0.4,0.9629629629629629,0.9176470588235294,0.9397590361445783,78,3,62,7,0.9176470588235294,0.046153846153846156
0.401,0.9629629629629629,0.9176470588235294,0.9397590361445783,78,3,62,7,0.9176470588235294,0.046153846153846156
0.402,0.9629629629629629,0.9176470588235294,0.9397590361445783,78,3,62,7,0.9176470588235294,0.046153846153846156
0.403,0.9629629629629629,0.9176470588235294,0.9397590361445783,78,3,62,7,0.9176470588235294,0.046153846153846156
0.404,0.9629629629629629,0.9176470588235294,0.9397590361445783,78,3,62,7,0.9176470588235294,0.046153846153846156
0.405,0.9629629629629629,0.9176470588235294,0.9397590361445783,78,3,62,7,0.9176470588235294,0.046153846153846156
0.406,0.9629629629629629,0.9176470588235294,0.9397590361445783,78,3,62,7,0.9176470588235294,0.046153846153846156
0.40700000000000003,0.9629629629629629,0.9176470588235294,0.9397590361445783,78,3,62,7,0.9176470588235294,0.046153846153846156
0.40800000000000003,0.9629629629629629,0.9176470588235294,0.9397590361445783,78,3,62,7,0.9176470588235294,0.046153846153846156
0.40900000000000003,0.9629629629629629,0.9176470588235294,0.9397590361445783,78,3,62,7,0.9176470588235294,0.046153846153846156
0.41000000000000003,0.9629629629629629,0.9176470588235294,0.9397590361445783,78,3,62,7,0.9176470588235294,0.046153846153846156
0.41100000000000003,0.9629629629629629,0.9176470588235294,0.9397590361445783,78,3,62,7,0.9176470588235294,0.046153846153846156
0.41200000000000003,0.9629629629629629,0.9176470588235294,0.9397590361445783,78,3,62,7,0.9176470588235294,0.046153846153846156
0.41300000000000003,0.9629629629629629,0.9176470588235294,0.9397590361445783,78,3,62,7,0.9176470588235294,0.046153846153846156
0.41400000000000003,0.9629629629629629,0.9176470588235294,0.9397590361445783,78,3,62,7,0.9176470588235294,0.046153846153846156
0.41500000000000004,0.9629629629629629,0.9176470588235294,0.9397590361445783,78,3,62,7,0.9176470588235294,0.046153846153846156
0.41600000000000004,0.9629629629629629,0.9176470588235294,0.9397590361445783,78,3,62,7,0.9176470588235294,0.046153846153846156
0.417,0.9629629629629629,0.9176470588235294,0.9397590361445783,78,3,62,7,0.9176470588235294,0.046153846153846156
0.418,0.9629629629629629,0.9176470588235294,0.9397590361445783,78,3,62,7,0.9176470588235294,0.046153846153846156
0.419,0.9629629629629629,0.9176470588235294,0.9397590361445783,78,3,62,7,0.9176470588235294,0.046153846153846156
0.42,0.9629629629629629,0.9176470588235294,0.9397590361445783,78,3,62,7,0.9176470588235294,0.046153846153846156
0.421,0.9629629629629629,0.9176470588235294,0.9397590361445783,78,3,62,7,0.9176470588235294,0.046153846153846156
0.422,0.9629629629629629,0.9176470588235294,0.9397590361445783,78,3,62,7,0.9176470588235294,0.046153846153846156
0.423,0.9629629629629629,0.9176470588235294,0.9397590361445783,78,3,62,7,0.9176470588235294,0.046153846153846156
0.424,0.9629629629629629,0.9176470588235294,0.9397590361445783,78,3,62,7,0.9176470588235294,0.046153846153846156
0.425,0.9629629629629629,0.9176470588235294,0.9397590361445783,78,3,62,7,0.9176470588235294,0.046153846153846156
0.426,0.9629629629629629,0.9176470588235294,0.9397590361445783,78,3,62,7,0.9176470588235294,0.046153846153846156
0.427,0.9629629629629629,0.9176470588235294,0.9397590361445783,78,3,62,7,0.9176470588235294,0.046153846153846156
0.428,0.9629629629629629,0.9176470588235294,0.9397590361445783,78,3,62,7,0.9176470588235294,0.046153846153846156
0.429,0.9629629629629629,0.9176470588235294,0.9397590361445783,78,3,62,7,0.9176470588235294,0.046153846153846156
0.43,0.9629629629629629,0.9176470588235294,0.9397590361445783,78,3,62,7,0.9176470588235294,0.046153846153846156
0.431,0.9629629629629629,0.9176470588235294,0.9397590361445783,78,3,62,7,0.9176470588235294,0.046153846153846156
0.432,0.9629629629629629,0.9176470588235294,0.9397590361445783,78,3,62,7,0.9176470588235294,0.046153846153846156
0.433,0.9629629629629629,0.9176470588235294,0.9397590361445783,78,3,62,7,0.9176470588235294,0.046153846153846156
0.434,0.9629629629629629,0.9176470588235294,0.9397590361445783,78,3,62,7,0.9176470588235294,0.046153846153846156
0.435,0.9629629629629629,0.9176470588235294,0.9397590361445783,78,3,62,7,0.9176470588235294,0.046153846153846156
0.436,0.9629629629629629,0.9176470588235294,0.9397590361445783,78,3,62,7,0.9176470588235294,0.046153846153846156
0.437,0.9629629629629629,0.9176470588235294,0.9397590361445783,78,3,62,7,0.9176470588235294,0.046153846153846156
0.438,0.9629629629629629,0.9176470588235294,0.9397590361445783,78,3,62,7,0.9176470588235294,0.046153846153846156
0.439,0.9629629629629629,0.9176470588235294,0.9397590361445783,78,3,62,7,0.9176470588235294,0.046153846153846156
0.44,0.9629629629629629,0.9176470588235294,0.9397590361445783,78,3,62,7,0.9176470588235294,0.046153846153846156
0.441,0.9629629629629629,0.9176470588235294,0.9397590361445783,78,3,62,7,0.9176470588235294,0.046153846153846156
0.442,0.9629629629629629,0.9176470588235294,0.9397590361445783,78,3,62,7,0.9176470588235294,0.046153846153846156
0.443,0.9629629629629629,0.9176470588235294,0.9397590361445783,78,3,62,7,0.9176470588235294,0.046153846153846156
0.444,0.975,0.9176470588235294,0.9454545454545454,78,2,63,7,0.9176470588235294,0.03076923076923077
0.445,0.975,0.9176470588235294,0.9454545454545454,78,2,63,7,0.9176470588235294,0.03076923076923077
0.446,0.975,0.9176470588235294,0.9454545454545454,78,2,63,7,0.9176470588235294,0.03076923076923077
0.447,0.975,0.9176470588235294,0.9454545454545454,78,2,63,7,0.9176470588235294,0.03076923076923077
0.448,0.975,0.9176470588235294,0.9454545454545454,78,2,63,7,0.9176470588235294,0.03076923076923077
0.449,0.975,0.9176470588235294,0.9454545454545454,78,2,63,7,0.9176470588235294,0.03076923076923077
0.45,0.975,0.9176470588235294,0.9454545454545454,78,2,63,7,0.9176470588235294,0.03076923076923077
0.451,0.975,0.9176470588235294,0.9454545454545454,78,2,63,7,0.9176470588235294,0.03076923076923077
0.452,0.975,0.9176470588235294,0.9454545454545454,78,2,63,7,0.9176470588235294,0.03076923076923077
0.453,0.975,0.9176470588235294,0.9454545454545454,78,2,63,7,0.9176470588235294,0.03076923076923077
0.454,0.975,0.9176470588235294,0.9454545454545454,78,2,63,7,0.9176470588235294,0.03076923076923077
0.455,0.975,0.9176470588235294,0.9454545454545454,78,2,63,7,0.9176470588235294,0.03076923076923077
0.456,0.975,0.9176470588235294,0.9454545454545454,78,2,63,7,0.9176470588235294,0.03076923076923077
0.457,0.975,0.9176470588235294,0.9454545454545454,78,2,63,7,0.9176470588235294,0.03076923076923077
0.458,0.975,0.9176470588235294,0.9454545454545454,78,2,63,7,0.9176470588235294,0.03076923076923077
0.459,0.975,0.9176470588235294,0.9454545454545454,78,2,63,7,0.9176470588235294,0.03076923076923077
0.46,0.975,0.9176470588235294,0.9454545454545454,78,2,63,7,0.9176470588235294,0.03076923076923077
0.461,0.975,0.9176470588235294,0.9454545454545454,78,2,63,7,0.9176470588235294,0.03076923076923077
0.462,0.975,0.9176470588235294,0.9454545454545454,78,2,63,7,0.9176470588235294,0.03076923076923077
0.463,0.975,0.9176470588235294,0.9454545454545454,78,2,63,7,0.9176470588235294,0.03076923076923077
0.464,0.975,0.9176470588235294,0.9454545454545454,78,2,63,7,0.9176470588235294,0.03076923076923077
0.465,0.975,0.9176470588235294,0.9454545454545454,78,2,63,7,0.9176470588235294,0.03076923076923077
0.466,0.975,0.9176470588235294,0.9454545454545454,78,2,63,7,0.9176470588235294,0.03076923076923077
0.467,0.975,0.9176470588235294,0.9454545454545454,78,2,63,7,0.9176470588235294,0.03076923076923077
0.468,0.975,0.9176470588235294,0.9454545454545454,78,2,63,7,0.9176470588235294,0.03076923076923077
0.46900000000000003,0.975,0.9176470588235294,0.9454545454545454,78,2,63,7,0.9176470588235294,0.03076923076923077
0.47000000000000003,0.975,0.9176470588235294,0.9454545454545454,78,2,63,7,0.9176470588235294,0.03076923076923077
0.47100000000000003,0.975,0.9176470588235294,0.9454545454545454,78,2,63,7,0.9176470588235294,0.03076923076923077
0.47200000000000003,0.975,0.9176470588235294,0.9454545454545454,78,2,63,7,0.9176470588235294,0.03076923076923077
0.47300000000000003,0.975,0.9176470588235294,0.9454545454545454,78,2,63,7,0.9176470588235294,0.03076923076923077
0.47400000000000003,0.9746835443037974,0.9058823529411765,0.9390243902439024,77,2,63,8,0.9058823529411765,0.03076923076923077
0.47500000000000003,0.9746835443037974,0.9058823529411765,0.9390243902439024,77,2,63,8,0.9058823529411765,0.03076923076923077
0.47600000000000003,0.9746835443037974,0.9058823529411765,0.9390243902439024,77,2,63,8,0.9058823529411765,0.03076923076923077
0.47700000000000004,0.9746835443037974,0.9058823529411765,0.9390243902439024,77,2,63,8,0.9058823529411765,0.03076923076923077
0.47800000000000004,0.9746835443037974,0.9058823529411765,0.9390243902439024,77,2,63,8,0.9058823529411765,0.03076923076923077
0.47900000000000004,0.9746835443037974,0.9058823529411765,0.9390243902439024,77,2,63,8,0.9058823529411765,0.03076923076923077
0.48,0.9746835443037974,0.9058823529411765,0.9390243902439024,77,2,63,8,0.9058823529411765,0.03076923076923077
0.481,0.9746835443037974,0.9058823529411765,0.9390243902439024,77,2,63,8,0.9058823529411765,0.03076923076923077
0.482,0.9746835443037974,0.9058823529411765,0.9390243902439024,77,2,63,8,0.9058823529411765,0.03076923076923077
0.483,0.9746835443037974,0.9058823529411765,0.9390243902439024,77,2,63,8,0.9058823529411765,0.03076923076923077
0.484,0.9746835443037974,0.9058823529411765,0.9390243902439024,77,2,63,8,0.9058823529411765,0.03076923076923077
0.485,0.9746835443037974,0.9058823529411765,0.9390243902439024,77,2,63,8,0.9058823529411765,0.03076923076923077
0.486,0.9746835443037974,0.9058823529411765,0.9390243902439024,77,2,63,8,0.9058823529411765,0.03076923076923077
0.487,0.9746835443037974,0.9058823529411765,0.9390243902439024,77,2,63,8,0.9058823529411765,0.03076923076923077
0.488,0.9746835443037974,0.9058823529411765,0.9390243902439024,77,2,63,8,0.9058823529411765,0.03076923076923077
0.489,0.9746835443037974,0.9058823529411765,0.9390243902439024,77,2,63,8,0.9058823529411765,0.03076923076923077
0.49,0.9746835443037974,0.9058823529411765,0.9390243902439024,77,2,63,8,0.9058823529411765,0.03076923076923077
0.491,0.9746835443037974,0.9058823529411765,0.9390243902439024,77,2,63,8,0.9058823529411765,0.03076923076923077
0.492,0.9746835443037974,0.9058823529411765,0.9390243902439024,77,2,63,8,0.9058823529411765,0.03076923076923077
0.493,0.9746835443037974,0.9058823529411765,0.9390243902439024,77,2,63,8,0.9058823529411765,0.03076923076923077
0.494,0.9746835443037974,0.9058823529411765,0.9390243902439024,77,2,63,8,0.9058823529411765,0.03076923076923077
0.495,0.9746835443037974,0.9058823529411765,0.9390243902439024,77,2,63,8,0.9058823529411765,0.03076923076923077
0.496,0.9746835443037974,0.9058823529411765,0.9390243902439024,77,2,63,8,0.9058823529411765,0.03076923076923077
0.497,0.9746835443037974,0.9058823529411765,0.9390243902439024,77,2,63,8,0.9058823529411765,0.03076923076923077
0.498,0.9746835443037974,0.9058823529411765,0.9390243902439024,77,2,63,8,0.9058823529411765,0.03076923076923077
0.499,0.9746835443037974,0.9058823529411765,0.9390243902439024,77,2,63,8,0.9058823529411765,0.03076923076923077
0.5,0.9746835443037974,0.9058823529411765,0.9390243902439024,77,2,63,8,0.9058823529411765,0.03076923076923077
0.501,0.9746835443037974,0.9058823529411765,0.9390243902439024,77,2,63,8,0.9058823529411765,0.03076923076923077
0.502,0.9746835443037974,0.9058823529411765,0.9390243902439024,77,2,63,8,0.9058823529411765,0.03076923076923077
0.503,0.9746835443037974,0.9058823529411765,0.9390243902439024,77,2,63,8,0.9058823529411765,0.03076923076923077
0.504,0.9746835443037974,0.9058823529411765,0.9390243902439024,77,2,63,8,0.9058823529411765,0.03076923076923077
0.505,0.9746835443037974,0.9058823529411765,0.9390243902439024,77,2,63,8,0.9058823529411765,0.03076923076923077
0.506,0.9746835443037974,0.9058823529411765,0.9390243902439024,77,2,63,8,0.9058823529411765,0.03076923076923077
0.507,0.9746835443037974,0.9058823529411765,0.9390243902439024,77,2,63,8,0.9058823529411765,0.03076923076923077
0.508,0.9746835443037974,0.9058823529411765,0.9390243902439024,77,2,63,8,0.9058823529411765,0.03076923076923077
0.509,0.9746835443037974,0.9058823529411765,0.9390243902439024,77,2,63,8,0.9058823529411765,0.03076923076923077
0.51,0.9746835443037974,0.9058823529411765,0.9390243902439024,77,2,63,8,0.9058823529411765,0.03076923076923077
0.511,0.9746835443037974,0.9058823529411765,0.9390243902439024,77,2,63,8,0.9058823529411765,0.03076923076923077
0.512,0.9746835443037974,0.9058823529411765,0.9390243902439024,77,2,63,8,0.9058823529411765,0.03076923076923077
0.513,0.9746835443037974,0.9058823529411765,0.9390243902439024,77,2,63,8,0.9058823529411765,0.03076923076923077
0.514,0.9746835443037974,0.9058823529411765,0.9390243902439024,77,2,63,8,0.9058823529411765,0.03076923076923077
0.515,0.9746835443037974,0.9058823529411765,0.9390243902439024,77,2,63,8,0.9058823529411765,0.03076923076923077
0.516,0.9746835443037974,0.9058823529411765,0.9390243902439024,77,2,63,8,0.9058823529411765,0.03076923076923077
0.517,0.9746835443037974,0.9058823529411765,0.9390243902439024,77,2,63,8,0.9058823529411765,0.03076923076923077
0.518,0.9746835443037974,0.9058823529411765,0.9390243902439024,77,2,63,8,0.9058823529411765,0.03076923076923077
0.519,0.9746835443037974,0.9058823529411765,0.9390243902439024,77,2,63,8,0.9058823529411765,0.03076923076923077
0.52,0.9746835443037974,0.9058823529411765,0.9390243902439024,77,2,63,8,0.9058823529411765,0.03076923076923077
0.521,0.9746835443037974,0.9058823529411765,0.9390243902439024,77,2,63,8,0.9058823529411765,0.03076923076923077
0.522,0.9746835443037974,0.9058823529411765,0.9390243902439024,77,2,63,8,0.9058823529411765,0.03076923076923077
0.523,0.9746835443037974,0.9058823529411765,0.9390243902439024,77,2,63,8,0.9058823529411765,0.03076923076923077
0.524,0.9746835443037974,0.9058823529411765,0.9390243902439024,77,2,63,8,0.9058823529411765,0.03076923076923077
0.525,0.9746835443037974,0.9058823529411765,0.9390243902439024,77,2,63,8,0.9058823529411765,0.03076923076923077
0.526,0.9746835443037974,0.9058823529411765,0.9390243902439024,77,2,63,8,0.9058823529411765,0.03076923076923077
0.527,0.9746835443037974,0.9058823529411765,0.9390243902439024,77,2,63,8,0.9058823529411765,0.03076923076923077
0.528,0.9746835443037974,0.9058823529411765,0.9390243902439024,77,2,63,8,0.9058823529411765,0.03076923076923077
0.529,0.9746835443037974,0.9058823529411765,0.9390243902439024,77,2,63,8,0.9058823529411765,0.03076923076923077
0.53,0.9746835443037974,0.9058823529411765,0.9390243902439024,77,2,63,8,0.9058823529411765,0.03076923076923077
0.531,0.9746835443037974,0.9058823529411765,0.9390243902439024,77,2,63,8,0.9058823529411765,0.03076923076923077
0.532,0.9746835443037974,0.9058823529411765,0.9390243902439024,77,2,63,8,0.9058823529411765,0.03076923076923077
0.533,0.9746835443037974,0.9058823529411765,0.9390243902439024,77,2,63,8,0.9058823529411765,0.03076923076923077
0.534,0.9746835443037974,0.9058823529411765,0.9390243902439024,77,2,63,8,0.9058823529411765,0.03076923076923077
0.535,0.9746835443037974,0.9058823529411765,0.9390243902439024,77,2,63,8,0.9058823529411765,0.03076923076923077
0.536,0.9746835443037974,0.9058823529411765,0.9390243902439024,77,2,63,8,0.9058823529411765,0.03076923076923077
0.537,0.9746835443037974,0.9058823529411765,0.9390243902439024,77,2,63,8,0.9058823529411765,0.03076923076923077
0.538,0.9746835443037974,0.9058823529411765,0.9390243902439024,77,2,63,8,0.9058823529411765,0.03076923076923077
0.539,0.9746835443037974,0.9058823529411765,0.9390243902439024,77,2,63,8,0.9058823529411765,0.03076923076923077
0.54,0.9746835443037974,0.9058823529411765,0.9390243902439024,77,2,63,8,0.9058823529411765,0.03076923076923077
0.541,0.9746835443037974,0.9058823529411765,0.9390243902439024,77,2,63,8,0.9058823529411765,0.03076923076923077
0.542,0.9743589743589743,0.8941176470588236,0.9325153374233128,76,2,63,9,0.8941176470588236,0.03076923076923077
0.543,0.9743589743589743,0.8941176470588236,0.9325153374233128,76,2,63,9,0.8941176470588236,0.03076923076923077
0.544,0.9743589743589743,0.8941176470588236,0.9325153374233128,76,2,63,9,0.8941176470588236,0.03076923076923077
0.545,0.9743589743589743,0.8941176470588236,0.9325153374233128,76,2,63,9,0.8941176470588236,0.03076923076923077
0.546,0.9743589743589743,0.8941176470588236,0.9325153374233128,76,2,63,9,0.8941176470588236,0.03076923076923077
0.547,0.9743589743589743,0.8941176470588236,0.9325153374233128,76,2,63,9,0.8941176470588236,0.03076923076923077
0.548,0.9743589743589743,0.8941176470588236,0.9325153374233128,76,2,63,9,0.8941176470588236,0.03076923076923077
0.549,0.9743589743589743,0.8941176470588236,0.9325153374233128,76,2,63,9,0.8941176470588236,0.03076923076923077
0.55,0.9743589743589743,0.8941176470588236,0.9325153374233128,76,2,63,9,0.8941176470588236,0.03076923076923077
0.551,0.9743589743589743,0.8941176470588236,0.9325153374233128,76,2,63,9,0.8941176470588236,0.03076923076923077
0.552,0.9743589743589743,0.8941176470588236,0.9325153374233128,76,2,63,9,0.8941176470588236,0.03076923076923077
0.553,0.9743589743589743,0.8941176470588236,0.9325153374233128,76,2,63,9,0.8941176470588236,0.03076923076923077
0.554,0.9743589743589743,0.8941176470588236,0.9325153374233128,76,2,63,9,0.8941176470588236,0.03076923076923077
0.555,0.9743589743589743,0.8941176470588236,0.9325153374233128,76,2,63,9,0.8941176470588236,0.03076923076923077
0.556,0.9743589743589743,0.8941176470588236,0.9325153374233128,76,2,63,9,0.8941176470588236,0.03076923076923077
0.557,0.9743589743589743,0.8941176470588236,0.9325153374233128,76,2,63,9,0.8941176470588236,0.03076923076923077
0.558,0.9743589743589743,0.8941176470588236,0.9325153374233128,76,2,63,9,0.8941176470588236,0.03076923076923077
0.559,0.9743589743589743,0.8941176470588236,0.9325153374233128,76,2,63,9,0.8941176470588236,0.03076923076923077
0.56,0.9743589743589743,0.8941176470588236,0.9325153374233128,76,2,63,9,0.8941176470588236,0.03076923076923077
0.561,0.9743589743589743,0.8941176470588236,0.9325153374233128,76,2,63,9,0.8941176470588236,0.03076923076923077
0.562,0.9743589743589743,0.8941176470588236,0.9325153374233128,76,2,63,9,0.8941176470588236,0.03076923076923077
0.5630000000000001,0.9743589743589743,0.8941176470588236,0.9325153374233128,76,2,63,9,0.8941176470588236,0.03076923076923077
0.5640000000000001,0.9743589743589743,0.8941176470588236,0.9325153374233128,76,2,63,9,0.8941176470588236,0.03076923076923077
0.5650000000000001,0.9743589743589743,0.8941176470588236,0.9325153374233128,76,2,63,9,0.8941176470588236,0.03076923076923077
0.5660000000000001,0.9743589743589743,0.8941176470588236,0.9325153374233128,76,2,63,9,0.8941176470588236,0.03076923076923077
0.5670000000000001,0.9743589743589743,0.8941176470588236,0.9325153374233128,76,2,63,9,0.8941176470588236,0.03076923076923077
0.5680000000000001,0.9743589743589743,0.8941176470588236,0.9325153374233128,76,2,63,9,0.8941176470588236,0.03076923076923077
0.5690000000000001,0.9743589743589743,0.8941176470588236,0.9325153374233128,76,2,63,9,0.8941176470588236,0.03076923076923077
0.5700000000000001,0.9743589743589743,0.8941176470588236,0.9325153374233128,76,2,63,9,0.8941176470588236,0.03076923076923077
0.5710000000000001,0.9743589743589743,0.8941176470588236,0.9325153374233128,76,2,63,9,0.8941176470588236,0.03076923076923077
0.5720000000000001,0.9743589743589743,0.8941176470588236,0.9325153374233128,76,2,63,9,0.8941176470588236,0.03076923076923077
0.5730000000000001,0.9743589743589743,0.8941176470588236,0.9325153374233128,76,2,63,9,0.8941176470588236,0.03076923076923077
0.5740000000000001,0.9743589743589743,0.8941176470588236,0.9325153374233128,76,2,63,9,0.8941176470588236,0.03076923076923077
0.5750000000000001,0.9743589743589743,0.8941176470588236,0.9325153374233128,76,2,63,9,0.8941176470588236,0.03076923076923077
0.5760000000000001,0.9743589743589743,0.8941176470588236,0.9325153374233128,76,2,63,9,0.8941176470588236,0.03076923076923077
0.577,0.9743589743589743,0.8941176470588236,0.9325153374233128,76,2,63,9,0.8941176470588236,0.03076923076923077
0.578,0.9743589743589743,0.8941176470588236,0.9325153374233128,76,2,63,9,0.8941176470588236,0.03076923076923077
0.579,0.9743589743589743,0.8941176470588236,0.9325153374233128,76,2,63,9,0.8941176470588236,0.03076923076923077
0.58,0.9743589743589743,0.8941176470588236,0.9325153374233128,76,2,63,9,0.8941176470588236,0.03076923076923077
0.581,0.9743589743589743,0.8941176470588236,0.9325153374233128,76,2,63,9,0.8941176470588236,0.03076923076923077
0.582,0.9743589743589743,0.8941176470588236,0.9325153374233128,76,2,63,9,0.8941176470588236,0.03076923076923077
0.583,0.987012987012987,0.8941176470588236,0.9382716049382716,76,1,64,9,0.8941176470588236,0.015384615384615385
0.584,0.987012987012987,0.8941176470588236,0.9382716049382716,76,1,64,9,0.8941176470588236,0.015384615384615385
0.585,0.987012987012987,0.8941176470588236,0.9382716049382716,76,1,64,9,0.8941176470588236,0.015384615384615385
0.586,0.987012987012987,0.8941176470588236,0.9382716049382716,76,1,64,9,0.8941176470588236,0.015384615384615385
0.587,0.987012987012987,0.8941176470588236,0.9382716049382716,76,1,64,9,0.8941176470588236,0.015384615384615385
0.588,0.987012987012987,0.8941176470588236,0.9382716049382716,76,1,64,9,0.8941176470588236,0.015384615384615385
0.589,0.987012987012987,0.8941176470588236,0.9382716049382716,76,1,64,9,0.8941176470588236,0.015384615384615385
0.59,0.987012987012987,0.8941176470588236,0.9382716049382716,76,1,64,9,0.8941176470588236,0.015384615384615385
0.591,0.987012987012987,0.8941176470588236,0.9382716049382716,76,1,64,9,0.8941176470588236,0.015384615384615385
0.592,0.987012987012987,0.8941176470588236,0.9382716049382716,76,1,64,9,0.8941176470588236,0.015384615384615385
0.593,0.987012987012987,0.8941176470588236,0.9382716049382716,76,1,64,9,0.8941176470588236,0.015384615384615385
0.594,0.987012987012987,0.8941176470588236,0.9382716049382716,76,1,64,9,0.8941176470588236,0.015384615384615385
0.595,0.987012987012987,0.8941176470588236,0.9382716049382716,76,1,64,9,0.8941176470588236,0.015384615384615385
0.596,0.987012987012987,0.8941176470588236,0.9382716049382716,76,1,64,9,0.8941176470588236,0.015384615384615385
0.597,0.987012987012987,0.8941176470588236,0.9382716049382716,76,1,64,9,0.8941176470588236,0.015384615384615385
0.598,0.987012987012987,0.8941176470588236,0.9382716049382716,76,1,64,9,0.8941176470588236,0.015384615384615385
0.599,0.987012987012987,0.8941176470588236,0.9382716049382716,76,1,64,9,0.8941176470588236,0.015384615384615385
0.6,0.987012987012987,0.8941176470588236,0.9382716049382716,76,1,64,9,0.8941176470588236,0.015384615384615385
0.601,0.987012987012987,0.8941176470588236,0.9382716049382716,76,1,64,9,0.8941176470588236,0.015384615384615385
0.602,0.987012987012987,0.8941176470588236,0.9382716049382716,76,1,64,9,0.8941176470588236,0.015384615384615385
0.603,0.9868421052631579,0.8823529411764706,0.9316770186335404,75,1,64,10,0.8823529411764706,0.015384615384615385
0.604,0.9868421052631579,0.8823529411764706,0.9316770186335404,75,1,64,10,0.8823529411764706,0.015384615384615385
0.605,0.9868421052631579,0.8823529411764706,0.9316770186335404,75,1,64,10,0.8823529411764706,0.015384615384615385
0.606,0.9868421052631579,0.8823529411764706,0.9316770186335404,75,1,64,10,0.8823529411764706,0.015384615384615385
0.607,0.9868421052631579,0.8823529411764706,0.9316770186335404,75,1,64,10,0.8823529411764706,0.015384615384615385
0.608,0.9868421052631579,0.8823529411764706,0.9316770186335404,75,1,64,10,0.8823529411764706,0.015384615384615385
0.609,0.9868421052631579,0.8823529411764706,0.9316770186335404,75,1,64,10,0.8823529411764706,0.015384615384615385
0.61,0.9868421052631579,0.8823529411764706,0.9316770186335404,75,1,64,10,0.8823529411764706,0.015384615384615385
0.611,0.9868421052631579,0.8823529411764706,0.9316770186335404,75,1,64,10,0.8823529411764706,0.015384615384615385
0.612,0.9868421052631579,0.8823529411764706,0.9316770186335404,75,1,64,10,0.8823529411764706,0.015384615384615385
0.613,0.9868421052631579,0.8823529411764706,0.9316770186335404,75,1,64,10,0.8823529411764706,0.015384615384615385
0.614,0.9868421052631579,0.8823529411764706,0.9316770186335404,75,1,64,10,0.8823529411764706,0.015384615384615385
0.615,0.9868421052631579,0.8823529411764706,0.9316770186335404,75,1,64,10,0.8823529411764706,0.015384615384615385
0.616,0.9868421052631579,0.8823529411764706,0.9316770186335404,75,1,64,10,0.8823529411764706,0.015384615384615385
0.617,0.9868421052631579,0.8823529411764706,0.9316770186335404,75,1,64,10,0.8823529411764706,0.015384615384615385
0.618,0.9868421052631579,0.8823529411764706,0.9316770186335404,75,1,64,10,0.8823529411764706,0.015384615384615385
0.619,0.9868421052631579,0.8823529411764706,0.9316770186335404,75,1,64,10,0.8823529411764706,0.015384615384615385
0.62,0.9868421052631579,0.8823529411764706,0.9316770186335404,75,1,64,10,0.8823529411764706,0.015384615384615385
0.621,0.9868421052631579,0.8823529411764706,0.9316770186335404,75,1,64,10,0.8823529411764706,0.015384615384615385
0.622,0.9868421052631579,0.8823529411764706,0.9316770186335404,75,1,64,10,0.8823529411764706,0.015384615384615385
0.623,0.9868421052631579,0.8823529411764706,0.9316770186335404,75,1,64,10,0.8823529411764706,0.015384615384615385
0.624,0.9868421052631579,0.8823529411764706,0.9316770186335404,75,1,64,10,0.8823529411764706,0.015384615384615385
0.625,0.9868421052631579,0.8823529411764706,0.9316770186335404,75,1,64,10,0.8823529411764706,0.015384615384615385
0.626,0.9868421052631579,0.8823529411764706,0.9316770186335404,75,1,64,10,0.8823529411764706,0.015384615384615385
0.627,0.9868421052631579,0.8823529411764706,0.9316770186335404,75,1,64,10,0.8823529411764706,0.015384615384615385
0.628,0.9868421052631579,0.8823529411764706,0.9316770186335404,75,1,64,10,0.8823529411764706,0.015384615384615385
0.629,0.9868421052631579,0.8823529411764706,0.9316770186335404,75,1,64,10,0.8823529411764706,0.015384615384615385
0.63,0.9868421052631579,0.8823529411764706,0.9316770186335404,75,1,64,10,0.8823529411764706,0.015384615384615385
0.631,0.9868421052631579,0.8823529411764706,0.9316770186335404,75,1,64,10,0.8823529411764706,0.015384615384615385
0.632,0.9868421052631579,0.8823529411764706,0.9316770186335404,75,1,64,10,0.8823529411764706,0.015384615384615385
0.633,0.9868421052631579,0.8823529411764706,0.9316770186335404,75,1,64,10,0.8823529411764706,0.015384615384615385
0.634,0.9868421052631579,0.8823529411764706,0.9316770186335404,75,1,64,10,0.8823529411764706,0.015384615384615385
0.635,0.9868421052631579,0.8823529411764706,0.9316770186335404,75,1,64,10,0.8823529411764706,0.015384615384615385
0.636,0.9868421052631579,0.8823529411764706,0.9316770186335404,75,1,64,10,0.8823529411764706,0.015384615384615385
0.637,0.9868421052631579,0.8823529411764706,0.9316770186335404,75,1,64,10,0.8823529411764706,0.015384615384615385
0.638,0.9868421052631579,0.8823529411764706,0.9316770186335404,75,1,64,10,0.8823529411764706,0.015384615384615385
0.639,0.9868421052631579,0.8823529411764706,0.9316770186335404,75,1,64,10,0.8823529411764706,0.015384615384615385
0.64,0.9868421052631579,0.8823529411764706,0.9316770186335404,75,1,64,10,0.8823529411764706,0.015384615384615385
0.641,0.9868421052631579,0.8823529411764706,0.9316770186335404,75,1,64,10,0.8823529411764706,0.015384615384615385
0.642,0.9868421052631579,0.8823529411764706,0.9316770186335404,75,1,64,10,0.8823529411764706,0.015384615384615385
0.643,0.9868421052631579,0.8823529411764706,0.9316770186335404,75,1,64,10,0.8823529411764706,0.015384615384615385
0.644,0.9868421052631579,0.8823529411764706,0.9316770186335404,75,1,64,10,0.8823529411764706,0.015384615384615385
0.645,0.9868421052631579,0.8823529411764706,0.9316770186335404,75,1,64,10,0.8823529411764706,0.015384615384615385
0.646,0.9868421052631579,0.8823529411764706,0.9316770186335404,75,1,64,10,0.8823529411764706,0.015384615384615385
0.647,0.9868421052631579,0.8823529411764706,0.9316770186335404,75,1,64,10,0.8823529411764706,0.015384615384615385
0.648,0.9868421052631579,0.8823529411764706,0.9316770186335404,75,1,64,10,0.8823529411764706,0.015384615384615385
0.649,0.9868421052631579,0.8823529411764706,0.9316770186335404,75,1,64,10,0.8823529411764706,0.015384615384615385
0.65,0.9868421052631579,0.8823529411764706,0.9316770186335404,75,1,64,10,0.8823529411764706,0.015384615384615385
0.651,0.9868421052631579,0.8823529411764706,0.9316770186335404,75,1,64,10,0.8823529411764706,0.015384615384615385
0.652,0.9868421052631579,0.8823529411764706,0.9316770186335404,75,1,64,10,0.8823529411764706,0.015384615384615385
0.653,0.9868421052631579,0.8823529411764706,0.9316770186335404,75,1,64,10,0.8823529411764706,0.015384615384615385
0.654,0.9868421052631579,0.8823529411764706,0.9316770186335404,75,1,64,10,0.8823529411764706,0.015384615384615385
0.655,0.9868421052631579,0.8823529411764706,0.9316770186335404,75,1,64,10,0.8823529411764706,0.015384615384615385
0.656,0.9866666666666667,0.8705882352941177,0.925,74,1,64,11,0.8705882352941177,0.015384615384615385
0.657,0.9866666666666667,0.8705882352941177,0.925,74,1,64,11,0.8705882352941177,0.015384615384615385
0.658,0.9866666666666667,0.8705882352941177,0.925,74,1,64,11,0.8705882352941177,0.015384615384615385
0.659,0.9866666666666667,0.8705882352941177,0.925,74,1,64,11,0.8705882352941177,0.015384615384615385
0.66,0.9866666666666667,0.8705882352941177,0.925,74,1,64,11,0.8705882352941177,0.015384615384615385
0.661,0.9866666666666667,0.8705882352941177,0.925,74,1,64,11,0.8705882352941177,0.015384615384615385
0.662,0.9866666666666667,0.8705882352941177,0.925,74,1,64,11,0.8705882352941177,0.015384615384615385
0.663,0.9866666666666667,0.8705882352941177,0.925,74,1,64,11,0.8705882352941177,0.015384615384615385
0.664,0.9866666666666667,0.8705882352941177,0.925,74,1,64,11,0.8705882352941177,0.015384615384615385
0.665,0.9866666666666667,0.8705882352941177,0.925,74,1,64,11,0.8705882352941177,0.015384615384615385
0.666,0.9866666666666667,0.8705882352941177,0.925,74,1,64,11,0.8705882352941177,0.015384615384615385
0.667,0.9866666666666667,0.8705882352941177,0.925,74,1,64,11,0.8705882352941177,0.015384615384615385
0.668,0.9866666666666667,0.8705882352941177,0.925,74,1,64,11,0.8705882352941177,0.015384615384615385
0.669,0.9866666666666667,0.8705882352941177,0.925,74,1,64,11,0.8705882352941177,0.015384615384615385
0.67,0.9866666666666667,0.8705882352941177,0.925,74,1,64,11,0.8705882352941177,0.015384615384615385
0.671,0.9866666666666667,0.8705882352941177,0.925,74,1,64,11,0.8705882352941177,0.015384615384615385
0.672,0.9866666666666667,0.8705882352941177,0.925,74,1,64,11,0.8705882352941177,0.015384615384615385
0.673,0.9866666666666667,0.8705882352941177,0.925,74,1,64,11,0.8705882352941177,0.015384615384615385
0.674,0.9866666666666667,0.8705882352941177,0.925,74,1,64,11,0.8705882352941177,0.015384615384615385
0.675,0.9866666666666667,0.8705882352941177,0.925,74,1,64,11,0.8705882352941177,0.015384615384615385
0.676,0.9866666666666667,0.8705882352941177,0.925,74,1,64,11,0.8705882352941177,0.015384615384615385
0.677,0.9866666666666667,0.8705882352941177,0.925,74,1,64,11,0.8705882352941177,0.015384615384615385
0.678,0.9866666666666667,0.8705882352941177,0.925,74,1,64,11,0.8705882352941177,0.015384615384615385
0.679,0.9866666666666667,0.8705882352941177,0.925,74,1,64,11,0.8705882352941177,0.015384615384615385
0.68,0.9866666666666667,0.8705882352941177,0.925,74,1,64,11,0.8705882352941177,0.015384615384615385
0.681,0.9866666666666667,0.8705882352941177,0.925,74,1,64,11,0.8705882352941177,0.015384615384615385
0.682,0.9866666666666667,0.8705882352941177,0.925,74,1,64,11,0.8705882352941177,0.015384615384615385
0.683,0.9866666666666667,0.8705882352941177,0.925,74,1,64,11,0.8705882352941177,0.015384615384615385
0.684,0.9866666666666667,0.8705882352941177,0.925,74,1,64,11,0.8705882352941177,0.015384615384615385
0.685,0.9866666666666667,0.8705882352941177,0.925,74,1,64,11,0.8705882352941177,0.015384615384615385
0.686,1.0,0.8705882352941177,0.9308176100628931,74,0,65,11,0.8705882352941177,0.0
0.687,1.0,0.8705882352941177,0.9308176100628931,74,0,65,11,0.8705882352941177,0.0
0.6880000000000001,1.0,0.8705882352941177,0.9308176100628931,74,0,65,11,0.8705882352941177,0.0
0.6890000000000001,1.0,0.8705882352941177,0.9308176100628931,74,0,65,11,0.8705882352941177,0.0
0.6900000000000001,1.0,0.8705882352941177,0.9308176100628931,74,0,65,11,0.8705882352941177,0.0
0.6910000000000001,1.0,0.8705882352941177,0.9308176100628931,74,0,65,11,0.8705882352941177,0.0
0.6920000000000001,1.0,0.8705882352941177,0.9308176100628931,74,0,65,11,0.8705882352941177,0.0
0.6930000000000001,1.0,0.8705882352941177,0.9308176100628931,74,0,65,11,0.8705882352941177,0.0
0.6940000000000001,1.0,0.8705882352941177,0.9308176100628931,74,0,65,11,0.8705882352941177,0.0
0.6950000000000001,1.0,0.8705882352941177,0.9308176100628931,74,0,65,11,0.8705882352941177,0.0
0.6960000000000001,1.0,0.8705882352941177,0.9308176100628931,74,0,65,11,0.8705882352941177,0.0
0.6970000000000001,1.0,0.8705882352941177,0.9308176100628931,74,0,65,11,0.8705882352941177,0.0
0.6980000000000001,1.0,0.8705882352941177,0.9308176100628931,74,0,65,11,0.8705882352941177,0.0
0.6990000000000001,1.0,0.8705882352941177,0.9308176100628931,74,0,65,11,0.8705882352941177,0.0
0.7000000000000001,1.0,0.8705882352941177,0.9308176100628931,74,0,65,11,0.8705882352941177,0.0
0.7010000000000001,1.0,0.8705882352941177,0.9308176100628931,74,0,65,11,0.8705882352941177,0.0
0.7020000000000001,1.0,0.8705882352941177,0.9308176100628931,74,0,65,11,0.8705882352941177,0.0
0.7030000000000001,1.0,0.8705882352941177,0.9308176100628931,74,0,65,11,0.8705882352941177,0.0
0.704,1.0,0.8705882352941177,0.9308176100628931,74,0,65,11,0.8705882352941177,0.0
0.705,1.0,0.8705882352941177,0.9308176100628931,74,0,65,11,0.8705882352941177,0.0
0.706,1.0,0.8705882352941177,0.9308176100628931,74,0,65,11,0.8705882352941177,0.0
0.707,1.0,0.8705882352941177,0.9308176100628931,74,0,65,11,0.8705882352941177,0.0
0.708,1.0,0.8705882352941177,0.9308176100628931,74,0,65,11,0.8705882352941177,0.0
0.709,1.0,0.8705882352941177,0.9308176100628931,74,0,65,11,0.8705882352941177,0.0
0.71,1.0,0.8705882352941177,0.9308176100628931,74,0,65,11,0.8705882352941177,0.0
0.711,1.0,0.8705882352941177,0.9308176100628931,74,0,65,11,0.8705882352941177,0.0
0.712,1.0,0.8705882352941177,0.9308176100628931,74,0,65,11,0.8705882352941177,0.0
0.713,1.0,0.8705882352941177,0.9308176100628931,74,0,65,11,0.8705882352941177,0.0
0.714,1.0,0.8705882352941177,0.9308176100628931,74,0,65,11,0.8705882352941177,0.0
0.715,1.0,0.8705882352941177,0.9308176100628931,74,0,65,11,0.8705882352941177,0.0
0.716,1.0,0.8705882352941177,0.9308176100628931,74,0,65,11,0.8705882352941177,0.0
0.717,1.0,0.8705882352941177,0.9308176100628931,74,0,65,11,0.8705882352941177,0.0
0.718,1.0,0.8705882352941177,0.9308176100628931,74,0,65,11,0.8705882352941177,0.0
0.719,1.0,0.8705882352941177,0.9308176100628931,74,0,65,11,0.8705882352941177,0.0
0.72,1.0,0.8705882352941177,0.9308176100628931,74,0,65,11,0.8705882352941177,0.0
0.721,1.0,0.8705882352941177,0.9308176100628931,74,0,65,11,0.8705882352941177,0.0
0.722,1.0,0.8705882352941177,0.9308176100628931,74,0,65,11,0.8705882352941177,0.0
0.723,1.0,0.8705882352941177,0.9308176100628931,74,0,65,11,0.8705882352941177,0.0
0.724,1.0,0.8705882352941177,0.9308176100628931,74,0,65,11,0.8705882352941177,0.0
0.725,1.0,0.8705882352941177,0.9308176100628931,74,0,65,11,0.8705882352941177,0.0
0.726,1.0,0.8705882352941177,0.9308176100628931,74,0,65,11,0.8705882352941177,0.0
0.727,1.0,0.8705882352941177,0.9308176100628931,74,0,65,11,0.8705882352941177,0.0
0.728,1.0,0.8705882352941177,0.9308176100628931,74,0,65,11,0.8705882352941177,0.0
0.729,1.0,0.8705882352941177,0.9308176100628931,74,0,65,11,0.8705882352941177,0.0
0.73,1.0,0.8705882352941177,0.9308176100628931,74,0,65,11,0.8705882352941177,0.0
0.731,1.0,0.8705882352941177,0.9308176100628931,74,0,65,11,0.8705882352941177,0.0
0.732,1.0,0.8705882352941177,0.9308176100628931,74,0,65,11,0.8705882352941177,0.0
0.733,1.0,0.8705882352941177,0.9308176100628931,74,0,65,11,0.8705882352941177,0.0
0.734,1.0,0.8705882352941177,0.9308176100628931,74,0,65,11,0.8705882352941177,0.0
0.735,1.0,0.8705882352941177,0.9308176100628931,74,0,65,11,0.8705882352941177,0.0
0.736,1.0,0.8705882352941177,0.9308176100628931,74,0,65,11,0.8705882352941177,0.0
0.737,1.0,0.8705882352941177,0.9308176100628931,74,0,65,11,0.8705882352941177,0.0
0.738,1.0,0.8705882352941177,0.9308176100628931,74,0,65,11,0.8705882352941177,0.0
0.739,1.0,0.8705882352941177,0.9308176100628931,74,0,65,11,0.8705882352941177,0.0
0.74,1.0,0.8705882352941177,0.9308176100628931,74,0,65,11,0.8705882352941177,0.0
0.741,1.0,0.8705882352941177,0.9308176100628931,74,0,65,11,0.8705882352941177,0.0
0.742,1.0,0.8705882352941177,0.9308176100628931,74,0,65,11,0.8705882352941177,0.0
0.743,1.0,0.8705882352941177,0.9308176100628931,74,0,65,11,0.8705882352941177,0.0
0.744,1.0,0.8705882352941177,0.9308176100628931,74,0,65,11,0.8705882352941177,0.0
0.745,1.0,0.8705882352941177,0.9308176100628931,74,0,65,11,0.8705882352941177,0.0
0.746,1.0,0.8705882352941177,0.9308176100628931,74,0,65,11,0.8705882352941177,0.0
0.747,1.0,0.8705882352941177,0.9308176100628931,74,0,65,11,0.8705882352941177,0.0
0.748,1.0,0.8705882352941177,0.9308176100628931,74,0,65,11,0.8705882352941177,0.0
0.749,1.0,0.8588235294117647,0.9240506329113924,73,0,65,12,0.8588235294117647,0.0
0.75,1.0,0.8588235294117647,0.9240506329113924,73,0,65,12,0.8588235294117647,0.0
0.751,1.0,0.8588235294117647,0.9240506329113924,73,0,65,12,0.8588235294117647,0.0
0.752,1.0,0.8588235294117647,0.9240506329113924,73,0,65,12,0.8588235294117647,0.0
0.753,1.0,0.8588235294117647,0.9240506329113924,73,0,65,12,0.8588235294117647,0.0
0.754,1.0,0.8588235294117647,0.9240506329113924,73,0,65,12,0.8588235294117647,0.0
0.755,1.0,0.8588235294117647,0.9240506329113924,73,0,65,12,0.8588235294117647,0.0
0.756,1.0,0.8588235294117647,0.9240506329113924,73,0,65,12,0.8588235294117647,0.0
0.757,1.0,0.8588235294117647,0.9240506329113924,73,0,65,12,0.8588235294117647,0.0
0.758,1.0,0.8470588235294118,0.9171974522292994,72,0,65,13,0.8470588235294118,0.0
0.759,1.0,0.8470588235294118,0.9171974522292994,72,0,65,13,0.8470588235294118,0.0
0.76,1.0,0.8470588235294118,0.9171974522292994,72,0,65,13,0.8470588235294118,0.0
0.761,1.0,0.8470588235294118,0.9171974522292994,72,0,65,13,0.8470588235294118,0.0
0.762,1.0,0.8352941176470589,0.9102564102564102,71,0,65,14,0.8352941176470589,0.0
0.763,1.0,0.8352941176470589,0.9102564102564102,71,0,65,14,0.8352941176470589,0.0
0.764,1.0,0.8352941176470589,0.9102564102564102,71,0,65,14,0.8352941176470589,0.0
0.765,1.0,0.8352941176470589,0.9102564102564102,71,0,65,14,0.8352941176470589,0.0
0.766,1.0,0.8352941176470589,0.9102564102564102,71,0,65,14,0.8352941176470589,0.0
0.767,1.0,0.8352941176470589,0.9102564102564102,71,0,65,14,0.8352941176470589,0.0
0.768,1.0,0.8352941176470589,0.9102564102564102,71,0,65,14,0.8352941176470589,0.0
0.769,1.0,0.8352941176470589,0.9102564102564102,71,0,65,14,0.8352941176470589,0.0
0.77,1.0,0.8352941176470589,0.9102564102564102,71,0,65,14,0.8352941176470589,0.0
0.771,1.0,0.8352941176470589,0.9102564102564102,71,0,65,14,0.8352941176470589,0.0
0.772,1.0,0.8352941176470589,0.9102564102564102,71,0,65,14,0.8352941176470589,0.0
0.773,1.0,0.8352941176470589,0.9102564102564102,71,0,65,14,0.8352941176470589,0.0
0.774,1.0,0.8352941176470589,0.9102564102564102,71,0,65,14,0.8352941176470589,0.0
0.775,1.0,0.8352941176470589,0.9102564102564102,71,0,65,14,0.8352941176470589,0.0
0.776,1.0,0.8352941176470589,0.9102564102564102,71,0,65,14,0.8352941176470589,0.0
0.777,1.0,0.8352941176470589,0.9102564102564102,71,0,65,14,0.8352941176470589,0.0
0.778,1.0,0.8352941176470589,0.9102564102564102,71,0,65,14,0.8352941176470589,0.0
0.779,1.0,0.8352941176470589,0.9102564102564102,71,0,65,14,0.8352941176470589,0.0
0.78,1.0,0.8352941176470589,0.9102564102564102,71,0,65,14,0.8352941176470589,0.0
0.781,1.0,0.8352941176470589,0.9102564102564102,71,0,65,14,0.8352941176470589,0.0
0.782,1.0,0.8352941176470589,0.9102564102564102,71,0,65,14,0.8352941176470589,0.0
0.783,1.0,0.8352941176470589,0.9102564102564102,71,0,65,14,0.8352941176470589,0.0
0.784,1.0,0.8352941176470589,0.9102564102564102,71,0,65,14,0.8352941176470589,0.0
0.785,1.0,0.8352941176470589,0.9102564102564102,71,0,65,14,0.8352941176470589,0.0
0.786,1.0,0.8352941176470589,0.9102564102564102,71,0,65,14,0.8352941176470589,0.0
0.787,1.0,0.8352941176470589,0.9102564102564102,71,0,65,14,0.8352941176470589,0.0
0.788,1.0,0.8352941176470589,0.9102564102564102,71,0,65,14,0.8352941176470589,0.0
0.789,1.0,0.8352941176470589,0.9102564102564102,71,0,65,14,0.8352941176470589,0.0
0.79,1.0,0.8352941176470589,0.9102564102564102,71,0,65,14,0.8352941176470589,0.0
0.791,1.0,0.8352941176470589,0.9102564102564102,71,0,65,14,0.8352941176470589,0.0
0.792,1.0,0.8352941176470589,0.9102564102564102,71,0,65,14,0.8352941176470589,0.0
0.793,1.0,0.8352941176470589,0.9102564102564102,71,0,65,14,0.8352941176470589,0.0
0.794,1.0,0.8235294117647058,0.9032258064516129,70,0,65,15,0.8235294117647058,0.0
0.795,1.0,0.8235294117647058,0.9032258064516129,70,0,65,15,0.8235294117647058,0.0
0.796,1.0,0.8235294117647058,0.9032258064516129,70,0,65,15,0.8235294117647058,0.0
0.797,1.0,0.8235294117647058,0.9032258064516129,70,0,65,15,0.8235294117647058,0.0
0.798,1.0,0.8235294117647058,0.9032258064516129,70,0,65,15,0.8235294117647058,0.0
0.799,1.0,0.8235294117647058,0.9032258064516129,70,0,65,15,0.8235294117647058,0.0
0.8,1.0,0.8235294117647058,0.9032258064516129,70,0,65,15,0.8235294117647058,0.0
0.801,1.0,0.8235294117647058,0.9032258064516129,70,0,65,15,0.8235294117647058,0.0
0.802,1.0,0.8235294117647058,0.9032258064516129,70,0,65,15,0.8235294117647058,0.0
0.803,1.0,0.8235294117647058,0.9032258064516129,70,0,65,15,0.8235294117647058,0.0
0.804,1.0,0.8235294117647058,0.9032258064516129,70,0,65,15,0.8235294117647058,0.0
0.805,1.0,0.8117647058823529,0.8961038961038961,69,0,65,16,0.8117647058823529,0.0
0.806,1.0,0.8117647058823529,0.8961038961038961,69,0,65,16,0.8117647058823529,0.0
0.807,1.0,0.8117647058823529,0.8961038961038961,69,0,65,16,0.8117647058823529,0.0
0.808,1.0,0.8117647058823529,0.8961038961038961,69,0,65,16,0.8117647058823529,0.0
0.809,1.0,0.8117647058823529,0.8961038961038961,69,0,65,16,0.8117647058823529,0.0
0.81,1.0,0.8117647058823529,0.8961038961038961,69,0,65,16,0.8117647058823529,0.0
0.811,1.0,0.8117647058823529,0.8961038961038961,69,0,65,16,0.8117647058823529,0.0
0.812,1.0,0.8117647058823529,0.8961038961038961,69,0,65,16,0.8117647058823529,0.0
0.8130000000000001,1.0,0.8,0.8888888888888888,68,0,65,17,0.8,0.0
0.8140000000000001,1.0,0.8,0.8888888888888888,68,0,65,17,0.8,0.0
0.8150000000000001,1.0,0.8,0.8888888888888888,68,0,65,17,0.8,0.0
0.8160000000000001,1.0,0.8,0.8888888888888888,68,0,65,17,0.8,0.0
0.8170000000000001,1.0,0.8,0.8888888888888888,68,0,65,17,0.8,0.0
0.8180000000000001,1.0,0.8,0.8888888888888888,68,0,65,17,0.8,0.0
0.8190000000000001,1.0,0.8,0.8888888888888888,68,0,65,17,0.8,0.0
0.8200000000000001,1.0,0.8,0.8888888888888888,68,0,65,17,0.8,0.0
0.8210000000000001,1.0,0.8,0.8888888888888888,68,0,65,17,0.8,0.0
0.8220000000000001,1.0,0.8,0.8888888888888888,68,0,65,17,0.8,0.0
0.8230000000000001,1.0,0.8,0.8888888888888888,68,0,65,17,0.8,0.0
0.8240000000000001,1.0,0.8,0.8888888888888888,68,0,65,17,0.8,0.0
0.8250000000000001,1.0,0.8,0.8888888888888888,68,0,65,17,0.8,0.0
0.8260000000000001,1.0,0.8,0.8888888888888888,68,0,65,17,0.8,0.0
0.8270000000000001,1.0,0.8,0.8888888888888888,68,0,65,17,0.8,0.0
0.8280000000000001,1.0,0.8,0.8888888888888888,68,0,65,17,0.8,0.0
0.8290000000000001,1.0,0.8,0.8888888888888888,68,0,65,17,0.8,0.0
0.8300000000000001,1.0,0.8,0.8888888888888888,68,0,65,17,0.8,0.0
0.8310000000000001,1.0,0.8,0.8888888888888888,68,0,65,17,0.8,0.0
0.8320000000000001,1.0,0.8,0.8888888888888888,68,0,65,17,0.8,0.0
0.833,1.0,0.8,0.8888888888888888,68,0,65,17,0.8,0.0
0.834,1.0,0.8,0.8888888888888888,68,0,65,17,0.8,0.0
0.835,1.0,0.8,0.8888888888888888,68,0,65,17,0.8,0.0
0.836,1.0,0.8,0.8888888888888888,68,0,65,17,0.8,0.0
0.837,1.0,0.8,0.8888888888888888,68,0,65,17,0.8,0.0
0.838,1.0,0.8,0.8888888888888888,68,0,65,17,0.8,0.0
0.839,1.0,0.788235294117647,0.881578947368421,67,0,65,18,0.788235294117647,0.0
0.84,1.0,0.788235294117647,0.881578947368421,67,0,65,18,0.788235294117647,0.0
0.841,1.0,0.7764705882352941,0.8741721854304636,66,0,65,19,0.7764705882352941,0.0
0.842,1.0,0.7764705882352941,0.8741721854304636,66,0,65,19,0.7764705882352941,0.0
0.843,1.0,0.7764705882352941,0.8741721854304636,66,0,65,19,0.7764705882352941,0.0
0.844,1.0,0.7764705882352941,0.8741721854304636,66,0,65,19,0.7764705882352941,0.0
0.845,1.0,0.7764705882352941,0.8741721854304636,66,0,65,19,0.7764705882352941,0.0
0.846,1.0,0.7764705882352941,0.8741721854304636,66,0,65,19,0.7764705882352941,0.0
0.847,1.0,0.7764705882352941,0.8741721854304636,66,0,65,19,0.7764705882352941,0.0
0.848,1.0,0.7764705882352941,0.8741721854304636,66,0,65,19,0.7764705882352941,0.0
0.849,1.0,0.7764705882352941,0.8741721854304636,66,0,65,19,0.7764705882352941,0.0
0.85,1.0,0.7764705882352941,0.8741721854304636,66,0,65,19,0.7764705882352941,0.0
0.851,1.0,0.7764705882352941,0.8741721854304636,66,0,65,19,0.7764705882352941,0.0
0.852,1.0,0.7764705882352941,0.8741721854304636,66,0,65,19,0.7764705882352941,0.0
0.853,1.0,0.7764705882352941,0.8741721854304636,66,0,65,19,0.7764705882352941,0.0
0.854,1.0,0.7764705882352941,0.8741721854304636,66,0,65,19,0.7764705882352941,0.0
0.855,1.0,0.7764705882352941,0.8741721854304636,66,0,65,19,0.7764705882352941,0.0
0.856,1.0,0.7647058823529411,0.8666666666666667,65,0,65,20,0.7647058823529411,0.0
0.857,1.0,0.7647058823529411,0.8666666666666667,65,0,65,20,0.7647058823529411,0.0
0.858,1.0,0.7647058823529411,0.8666666666666667,65,0,65,20,0.7647058823529411,0.0
0.859,1.0,0.7647058823529411,0.8666666666666667,65,0,65,20,0.7647058823529411,0.0
0.86,1.0,0.7647058823529411,0.8666666666666667,65,0,65,20,0.7647058823529411,0.0
0.861,1.0,0.7647058823529411,0.8666666666666667,65,0,65,20,0.7647058823529411,0.0
0.862,1.0,0.7647058823529411,0.8666666666666667,65,0,65,20,0.7647058823529411,0.0
0.863,1.0,0.7647058823529411,0.8666666666666667,65,0,65,20,0.7647058823529411,0.0
0.864,1.0,0.7647058823529411,0.8666666666666667,65,0,65,20,0.7647058823529411,0.0
0.865,1.0,0.7647058823529411,0.8666666666666667,65,0,65,20,0.7647058823529411,0.0
0.866,1.0,0.7647058823529411,0.8666666666666667,65,0,65,20,0.7647058823529411,0.0
0.867,1.0,0.7647058823529411,0.8666666666666667,65,0,65,20,0.7647058823529411,0.0
0.868,1.0,0.7647058823529411,0.8666666666666667,65,0,65,20,0.7647058823529411,0.0
0.869,1.0,0.7647058823529411,0.8666666666666667,65,0,65,20,0.7647058823529411,0.0
0.87,1.0,0.7647058823529411,0.8666666666666667,65,0,65,20,0.7647058823529411,0.0
0.871,1.0,0.7647058823529411,0.8666666666666667,65,0,65,20,0.7647058823529411,0.0
0.872,1.0,0.7647058823529411,0.8666666666666667,65,0,65,20,0.7647058823529411,0.0
0.873,1.0,0.7647058823529411,0.8666666666666667,65,0,65,20,0.7647058823529411,0.0
0.874,1.0,0.7647058823529411,0.8666666666666667,65,0,65,20,0.7647058823529411,0.0
0.875,1.0,0.7647058823529411,0.8666666666666667,65,0,65,20,0.7647058823529411,0.0
0.876,1.0,0.7647058823529411,0.8666666666666667,65,0,65,20,0.7647058823529411,0.0
0.877,1.0,0.7647058823529411,0.8666666666666667,65,0,65,20,0.7647058823529411,0.0
0.878,1.0,0.7647058823529411,0.8666666666666667,65,0,65,20,0.7647058823529411,0.0
0.879,1.0,0.7647058823529411,0.8666666666666667,65,0,65,20,0.7647058823529411,0.0
0.88,1.0,0.7647058823529411,0.8666666666666667,65,0,65,20,0.7647058823529411,0.0
0.881,1.0,0.7647058823529411,0.8666666666666667,65,0,65,20,0.7647058823529411,0.0
0.882,1.0,0.7647058823529411,0.8666666666666667,65,0,65,20,0.7647058823529411,0.0
0.883,1.0,0.7529411764705882,0.8590604026845637,64,0,65,21,0.7529411764705882,0.0
0.884,1.0,0.7529411764705882,0.8590604026845637,64,0,65,21,0.7529411764705882,0.0
0.885,1.0,0.7529411764705882,0.8590604026845637,64,0,65,21,0.7529411764705882,0.0
0.886,1.0,0.7529411764705882,0.8590604026845637,64,0,65,21,0.7529411764705882,0.0
0.887,1.0,0.7529411764705882,0.8590604026845637,64,0,65,21,0.7529411764705882,0.0
0.888,1.0,0.7529411764705882,0.8590604026845637,64,0,65,21,0.7529411764705882,0.0
0.889,1.0,0.7529411764705882,0.8590604026845637,64,0,65,21,0.7529411764705882,0.0
0.89,1.0,0.7529411764705882,0.8590604026845637,64,0,65,21,0.7529411764705882,0.0
0.891,1.0,0.7529411764705882,0.8590604026845637,64,0,65,21,0.7529411764705882,0.0
0.892,1.0,0.7529411764705882,0.8590604026845637,64,0,65,21,0.7529411764705882,0.0
0.893,1.0,0.7529411764705882,0.8590604026845637,64,0,65,21,0.7529411764705882,0.0
0.894,1.0,0.7529411764705882,0.8590604026845637,64,0,65,21,0.7529411764705882,0.0
0.895,1.0,0.7529411764705882,0.8590604026845637,64,0,65,21,0.7529411764705882,0.0
0.896,1.0,0.7529411764705882,0.8590604026845637,64,0,65,21,0.7529411764705882,0.0
0.897,1.0,0.7529411764705882,0.8590604026845637,64,0,65,21,0.7529411764705882,0.0
0.898,1.0,0.7529411764705882,0.8590604026845637,64,0,65,21,0.7529411764705882,0.0
0.899,1.0,0.7529411764705882,0.8590604026845637,64,0,65,21,0.7529411764705882,0.0
0.9,1.0,0.7529411764705882,0.8590604026845637,64,0,65,21,0.7529411764705882,0.0
0.901,1.0,0.7529411764705882,0.8590604026845637,64,0,65,21,0.7529411764705882,0.0
0.902,1.0,0.7529411764705882,0.8590604026845637,64,0,65,21,0.7529411764705882,0.0
0.903,1.0,0.7529411764705882,0.8590604026845637,64,0,65,21,0.7529411764705882,0.0
0.904,1.0,0.7529411764705882,0.8590604026845637,64,0,65,21,0.7529411764705882,0.0
0.905,1.0,0.7529411764705882,0.8590604026845637,64,0,65,21,0.7529411764705882,0.0
0.906,1.0,0.7529411764705882,0.8590604026845637,64,0,65,21,0.7529411764705882,0.0
0.907,1.0,0.7529411764705882,0.8590604026845637,64,0,65,21,0.7529411764705882,0.0
0.908,1.0,0.7529411764705882,0.8590604026845637,64,0,65,21,0.7529411764705882,0.0
0.909,1.0,0.7529411764705882,0.8590604026845637,64,0,65,21,0.7529411764705882,0.0
0.91,1.0,0.7529411764705882,0.8590604026845637,64,0,65,21,0.7529411764705882,0.0
0.911,1.0,0.7411764705882353,0.8513513513513513,63,0,65,22,0.7411764705882353,0.0
0.912,1.0,0.7411764705882353,0.8513513513513513,63,0,65,22,0.7411764705882353,0.0
0.913,1.0,0.7411764705882353,0.8513513513513513,63,0,65,22,0.7411764705882353,0.0
0.914,1.0,0.7411764705882353,0.8513513513513513,63,0,65,22,0.7411764705882353,0.0
0.915,1.0,0.7411764705882353,0.8513513513513513,63,0,65,22,0.7411764705882353,0.0
0.916,1.0,0.7411764705882353,0.8513513513513513,63,0,65,22,0.7411764705882353,0.0
0.917,1.0,0.7411764705882353,0.8513513513513513,63,0,65,22,0.7411764705882353,0.0
0.918,1.0,0.7411764705882353,0.8513513513513513,63,0,65,22,0.7411764705882353,0.0
0.919,1.0,0.7411764705882353,0.8513513513513513,63,0,65,22,0.7411764705882353,0.0
0.92,1.0,0.7411764705882353,0.8513513513513513,63,0,65,22,0.7411764705882353,0.0
0.921,1.0,0.7411764705882353,0.8513513513513513,63,0,65,22,0.7411764705882353,0.0
0.922,1.0,0.7411764705882353,0.8513513513513513,63,0,65,22,0.7411764705882353,0.0
0.923,1.0,0.7411764705882353,0.8513513513513513,63,0,65,22,0.7411764705882353,0.0
0.924,1.0,0.7411764705882353,0.8513513513513513,63,0,65,22,0.7411764705882353,0.0
0.925,1.0,0.7411764705882353,0.8513513513513513,63,0,65,22,0.7411764705882353,0.0
0.926,1.0,0.7411764705882353,0.8513513513513513,63,0,65,22,0.7411764705882353,0.0
0.927,1.0,0.7411764705882353,0.8513513513513513,63,0,65,22,0.7411764705882353,0.0
0.928,1.0,0.7411764705882353,0.8513513513513513,63,0,65,22,0.7411764705882353,0.0
0.929,1.0,0.7411764705882353,0.8513513513513513,63,0,65,22,0.7411764705882353,0.0
0.93,1.0,0.7411764705882353,0.8513513513513513,63,0,65,22,0.7411764705882353,0.0
0.931,1.0,0.7411764705882353,0.8513513513513513,63,0,65,22,0.7411764705882353,0.0
0.932,1.0,0.7411764705882353,0.8513513513513513,63,0,65,22,0.7411764705882353,0.0
0.933,1.0,0.7411764705882353,0.8513513513513513,63,0,65,22,0.7411764705882353,0.0
0.934,1.0,0.7411764705882353,0.8513513513513513,63,0,65,22,0.7411764705882353,0.0
0.935,1.0,0.7294117647058823,0.8435374149659864,62,0,65,23,0.7294117647058823,0.0
0.936,1.0,0.7294117647058823,0.8435374149659864,62,0,65,23,0.7294117647058823,0.0
0.937,1.0,0.7176470588235294,0.8356164383561644,61,0,65,24,0.7176470588235294,0.0
0.9380000000000001,1.0,0.7176470588235294,0.8356164383561644,61,0,65,24,0.7176470588235294,0.0
0.9390000000000001,1.0,0.7176470588235294,0.8356164383561644,61,0,65,24,0.7176470588235294,0.0
0.9400000000000001,1.0,0.7176470588235294,0.8356164383561644,61,0,65,24,0.7176470588235294,0.0
0.9410000000000001,1.0,0.7176470588235294,0.8356164383561644,61,0,65,24,0.7176470588235294,0.0
0.9420000000000001,1.0,0.7176470588235294,0.8356164383561644,61,0,65,24,0.7176470588235294,0.0
0.9430000000000001,1.0,0.7176470588235294,0.8356164383561644,61,0,65,24,0.7176470588235294,0.0
0.9440000000000001,1.0,0.7176470588235294,0.8356164383561644,61,0,65,24,0.7176470588235294,0.0
0.9450000000000001,1.0,0.7058823529411765,0.8275862068965517,60,0,65,25,0.7058823529411765,0.0
0.9460000000000001,1.0,0.7058823529411765,0.8275862068965517,60,0,65,25,0.7058823529411765,0.0
0.9470000000000001,1.0,0.7058823529411765,0.8275862068965517,60,0,65,25,0.7058823529411765,0.0
0.9480000000000001,1.0,0.7058823529411765,0.8275862068965517,60,0,65,25,0.7058823529411765,0.0
0.9490000000000001,1.0,0.7058823529411765,0.8275862068965517,60,0,65,25,0.7058823529411765,0.0
0.9500000000000001,1.0,0.7058823529411765,0.8275862068965517,60,0,65,25,0.7058823529411765,0.0
0.9510000000000001,1.0,0.7058823529411765,0.8275862068965517,60,0,65,25,0.7058823529411765,0.0
0.9520000000000001,1.0,0.6941176470588235,0.8194444444444444,59,0,65,26,0.6941176470588235,0.0
0.9530000000000001,1.0,0.6941176470588235,0.8194444444444444,59,0,65,26,0.6941176470588235,0.0
0.9540000000000001,1.0,0.6705882352941176,0.8028169014084507,57,0,65,28,0.6705882352941176,0.0
0.9550000000000001,1.0,0.6705882352941176,0.8028169014084507,57,0,65,28,0.6705882352941176,0.0
0.9560000000000001,1.0,0.6705882352941176,0.8028169014084507,57,0,65,28,0.6705882352941176,0.0
0.9570000000000001,1.0,0.6705882352941176,0.8028169014084507,57,0,65,28,0.6705882352941176,0.0
0.9580000000000001,1.0,0.6705882352941176,0.8028169014084507,57,0,65,28,0.6705882352941176,0.0
0.9590000000000001,1.0,0.6705882352941176,0.8028169014084507,57,0,65,28,0.6705882352941176,0.0
0.96,1.0,0.6705882352941176,0.8028169014084507,57,0,65,28,0.6705882352941176,0.0
0.961,1.0,0.6705882352941176,0.8028169014084507,57,0,65,28,0.6705882352941176,0.0
0.962,1.0,0.6588235294117647,0.7943262411347518,56,0,65,29,0.6588235294117647,0.0
0.963,1.0,0.6588235294117647,0.7943262411347518,56,0,65,29,0.6588235294117647,0.0
0.964,1.0,0.6588235294117647,0.7943262411347518,56,0,65,29,0.6588235294117647,0.0
0.965,1.0,0.6588235294117647,0.7943262411347518,56,0,65,29,0.6588235294117647,0.0
0.966,1.0,0.6588235294117647,0.7943262411347518,56,0,65,29,0.6588235294117647,0.0
0.967,1.0,0.6588235294117647,0.7943262411347518,56,0,65,29,0.6588235294117647,0.0
0.968,1.0,0.6588235294117647,0.7943262411347518,56,0,65,29,0.6588235294117647,0.0
0.969,1.0,0.6588235294117647,0.7943262411347518,56,0,65,29,0.6588235294117647,0.0
0.97,1.0,0.6588235294117647,0.7943262411347518,56,0,65,29,0.6588235294117647,0.0
0.971,1.0,0.6588235294117647,0.7943262411347518,56,0,65,29,0.6588235294117647,0.0
0.972,1.0,0.6588235294117647,0.7943262411347518,56,0,65,29,0.6588235294117647,0.0
0.973,1.0,0.6588235294117647,0.7943262411347518,56,0,65,29,0.6588235294117647,0.0
0.974,1.0,0.6588235294117647,0.7943262411347518,56,0,65,29,0.6588235294117647,0.0
0.975,1.0,0.6470588235294118,0.7857142857142857,55,0,65,30,0.6470588235294118,0.0
0.976,1.0,0.6470588235294118,0.7857142857142857,55,0,65,30,0.6470588235294118,0.0
0.977,1.0,0.6470588235294118,0.7857142857142857,55,0,65,30,0.6470588235294118,0.0
0.978,1.0,0.6470588235294118,0.7857142857142857,55,0,65,30,0.6470588235294118,0.0
0.979,1.0,0.6470588235294118,0.7857142857142857,55,0,65,30,0.6470588235294118,0.0
0.98,1.0,0.6470588235294118,0.7857142857142857,55,0,65,30,0.6470588235294118,0.0
0.981,1.0,0.6352941176470588,0.7769784172661871,54,0,65,31,0.6352941176470588,0.0
0.982,1.0,0.6352941176470588,0.7769784172661871,54,0,65,31,0.6352941176470588,0.0
0.983,1.0,0.6352941176470588,0.7769784172661871,54,0,65,31,0.6352941176470588,0.0
0.984,1.0,0.6235294117647059,0.7681159420289855,53,0,65,32,0.6235294117647059,0.0
0.985,1.0,0.6235294117647059,0.7681159420289855,53,0,65,32,0.6235294117647059,0.0
0.986,1.0,0.6235294117647059,0.7681159420289855,53,0,65,32,0.6235294117647059,0.0
0.987,1.0,0.611764705882353,0.7591240875912408,52,0,65,33,0.611764705882353,0.0
0.988,1.0,0.6,0.75,51,0,65,34,0.6,0.0
0.989,1.0,0.6,0.75,51,0,65,34,0.6,0.0
0.99,1.0,0.6,0.75,51,0,65,34,0.6,0.0
0.991,1.0,0.6,0.75,51,0,65,34,0.6,0.0
0.992,1.0,0.6,0.75,51,0,65,34,0.6,0.0
0.993,1.0,0.6,0.75,51,0,65,34,0.6,0.0
0.994,1.0,0.6,0.75,51,0,65,34,0.6,0.0
0.995,1.0,0.6,0.75,51,0,65,34,0.6,0.0
0.996,1.0,0.6,0.75,51,0,65,34,0.6,0.0
0.997,1.0,0.6,0.75,51,0,65,34,0.6,0.0
0.998,0.0,0.0,0.0,0,0,65,85,0.0,0.0
0.999,0.0,0.0,0.0,0,0,65,85,0.0,0.0
1.0,0.0,0.0,0.0,0,0,65,85,0.0,0.0
